iso3,year,value
AFG,2020,25.2622103446137
AFG,2019,25.1437258839803
AFG,2018,24.9991645191406
AFG,2017,24.8352821238871
AFG,2016,24.6588345720126
AFG,2015,24.4649118421568
AFG,2014,24.1910166387726
AFG,2013,23.8077136743646
AFG,2012,23.3434391310979
AFG,2011,22.8205691572485
AFG,2010,22.2614799010924
AFG,2009,21.6885475109053
AFG,2008,21.1241481349633
AFG,2007,20.5906579215423
AFG,2006,20.1104530189181
AFG,2005,19.7059095753667
AFG,2004,19.3993593959593
AFG,2003,19.1600346409089
AFG,2002,18.9412480133309
AFG,2001,18.7412381251552
AFG,2000,18.5581995230666
ALB,2020,57.1408592155544
ALB,2019,56.7639071287255
ALB,2018,56.377000259892
ALB,2017,55.980276426546
ALB,2016,55.5738734464276
ALB,2015,55.1579291374894
ALB,2014,54.7325813178673
ALB,2013,54.2979678058548
ALB,2012,53.8637553661449
ALB,2011,53.2917382892465
ALB,2010,51.8815774292716
ALB,2009,50.6132439427449
ALB,2008,49.3850699230207
ALB,2007,48.2022815728384
ALB,2006,47.0701050949378
ALB,2005,45.9937666920583
ALB,2004,44.9784925669394
ALB,2003,44.0295089223208
ALB,2002,43.1520419609419
ALB,2001,42.354513990929
ALB,2000,41.6135829609314
DZA,2020,73.0541126293395
DZA,2019,72.4824561380175
DZA,2018,71.905249845153
DZA,2017,71.3227912436551
DZA,2016,70.7353778263851
DZA,2015,70.1433070861612
DZA,2014,69.5468765157615
DZA,2013,68.9463836079277
DZA,2012,68.3421258553675
DZA,2011,67.7344007507578
DZA,2010,67.1235057867459
DZA,2009,66.5097384559521
DZA,2008,65.901485871159
DZA,2007,65.1690763324461
DZA,2006,64.4154348614309
DZA,2005,63.6598541890144
DZA,2004,62.9023132048725
DZA,2003,62.1427907986812
DZA,2002,61.3812658601162
DZA,2001,60.6177172788536
DZA,2000,59.8521239445692
AGO,2020,67.4568270208187
AGO,2019,66.6637823180533
AGO,2018,65.8732136723372
AGO,2017,65.0850525086068
AGO,2016,64.2992302517989
AGO,2015,63.51567832685
AGO,2014,62.723115793241
AGO,2013,62.1333075212361
AGO,2012,61.5114223949332
AGO,2011,60.8431610396073
AGO,2010,60.1310289535053
AGO,2009,59.3775316348744
AGO,2008,58.5851745819614
AGO,2007,57.7564632930133
AGO,2006,56.8939032662772
AGO,2005,56.0
AGO,2004,55.0445280863936
AGO,2003,54.0043545370761
AGO,2002,52.8926234794038
AGO,2001,51.7224790407329
AGO,2000,50.5070653484197
ATG,2020,24.6406156275043
ATG,2019,24.708337524045
ATG,2018,24.7781432093764
ATG,2017,24.8500263836871
ATG,2016,24.9239807471655
ATG,2015,25.0
ATG,2014,25.0899726107741
ATG,2013,25.2475667667937
ATG,2012,25.4555618588267
ATG,2011,25.694689859722
ATG,2010,26.0170447850587
ATG,2009,26.4808350768849
ATG,2008,27.0585906639822
ATG,2007,27.7201265838981
ATG,2006,28.43525787418
ATG,2005,29.1737995723752
ATG,2004,29.905566716031
ATG,2003,30.6003743426951
ATG,2002,31.2280374899146
ATG,2001,31.7554348168059
ATG,2000,32.2326072041227
ARG,2020,91.9439026594897
ARG,2019,91.8567844513802
ARG,2018,91.7679941327998
ARG,2017,91.6776028433824
ARG,2016,91.5856817228217
ARG,2015,91.4923019108628
ARG,2014,91.3975345472954
ARG,2013,91.3014507719473
ARG,2012,91.2041217246797
ARG,2011,91.1072286738406
ARG,2010,90.9930051940977
ARG,2009,90.8209023233265
ARG,2008,90.6521912139817
ARG,2007,90.4796632279031
ARG,2006,90.3033726521064
ARG,2005,90.1233737736072
ARG,2004,89.9397208794212
ARG,2003,89.752468256564
ARG,2002,89.5616701920513
ARG,2001,89.3682951289372
ARG,2000,89.1760271133454
ARM,2020,65.174217253699
ARM,2019,65.0047033570428
ARM,2018,64.8502833795679
ARM,2017,64.7124948593667
ARM,2016,64.5928753345316
ARM,2015,64.4929623431549
ARM,2014,64.4142934233291
ARM,2013,64.3584061131466
ARM,2012,64.3268379506998
ARM,2011,64.3207449145194
ARM,2010,64.3304164043132
ARM,2009,64.3519530388516
ARM,2008,64.3840928379746
ARM,2007,64.4257647857723
ARM,2006,64.4758978663344
ARM,2005,64.5334210637509
ARM,2004,64.5972633621116
ARM,2003,64.6663537455064
ARM,2002,64.7396211980252
ARM,2001,64.8228123790872
ARM,2000,64.959237917436
ABW,2020,62.0028837566365
ABW,2019,62.288276286885
ABW,2018,62.5367636985996
ABW,2017,62.7768488886109
ABW,2016,63.0077880571142
ABW,2015,63.2288374043053
ABW,2014,63.4392531303795
ABW,2013,63.6382914355326
ABW,2012,63.8252085199599
ABW,2011,63.9992605838571
ABW,2010,64.1612965549477
ABW,2009,64.3229852842726
ABW,2008,64.4888814129295
ABW,2007,64.6532664765254
ABW,2006,64.811270283981
ABW,2005,64.9580226442175
ABW,2004,65.0886533661558
ABW,2003,65.1982922587168
ABW,2002,65.2820691308217
ABW,2001,65.3351137913914
ABW,2000,65.3545497799987
AUS,2020,87.2713470458985
AUS,2019,87.3019647888406
AUS,2018,87.2267680845925
AUS,2017,87.12809266445
AUS,2016,87.0166295249235
AUS,2015,86.8778642539361
AUS,2014,86.7221289343356
AUS,2013,86.5740515760243
AUS,2012,86.4451259136625
AUS,2011,86.3268946146423
AUS,2010,86.2198600512143
AUS,2009,86.1278139101818
AUS,2008,86.0253816967666
AUS,2007,85.8968519574969
AUS,2006,85.7492544263523
AUS,2005,85.6190871221958
AUS,2004,85.518767609412
AUS,2003,85.4097077818668
AUS,2002,85.2842102783464
AUS,2001,85.1481094164726
AUS,2000,85.1071608578257
AUT,2020,68.5410177924001
AUT,2019,68.3176044750522
AUT,2018,68.1046787227623
AUT,2017,67.9051196052802
AUT,2016,67.7218061923556
AUT,2015,67.5576175537383
AUT,2014,67.4154327591781
AUT,2013,67.2981308784247
AUT,2012,67.2085909812279
AUT,2011,67.1484255415056
AUT,2010,67.1047429254747
AUT,2009,67.0705895694924
AUT,2008,67.0435560819078
AUT,2007,67.0211044863084
AUT,2006,67.0006968062814
AUT,2005,66.9797950654143
AUT,2004,66.9558612872944
AUT,2003,66.9263574955092
AUT,2002,66.8887457136458
AUT,2001,66.8408161285718
AUT,2000,66.7690238969566
AZE,2020,58.2934691761937
AZE,2019,58.1308191977779
AZE,2018,57.1841534654123
AZE,2017,56.4331887124691
AZE,2016,55.7574797205266
AZE,2015,55.1570486328276
AZE,2014,54.6319175926151
AZE,2013,54.1821087431318
AZE,2012,53.8076442276208
AZE,2011,53.5085461893249
AZE,2010,53.2848367714869
AZE,2009,53.1358125434574
AZE,2008,53.063304901123
AZE,2007,52.8281555175781
AZE,2006,52.6540145874023
AZE,2005,52.5028533935547
AZE,2004,52.2831993103027
AZE,2003,51.7257995605469
AZE,2002,51.2144165039062
AZE,2001,51.1584815979004
AZE,2000,51.1320838928223
BHS,2020,81.6642600232849
BHS,2019,81.8257463283204
BHS,2018,81.9643158212241
BHS,2017,82.0814018736052
BHS,2016,82.1784378570728
BHS,2015,82.2568571432361
BHS,2014,82.3180931037043
BHS,2013,82.3635791100868
BHS,2012,82.3947485339925
BHS,2011,82.4130347470308
BHS,2010,82.4198104431593
BHS,2009,82.3977602095684
BHS,2008,82.3197128080855
BHS,2007,82.1964954293015
BHS,2006,82.0396098391364
BHS,2005,81.8605578035102
BHS,2004,81.6708410883427
BHS,2003,81.4819614595541
BHS,2002,81.3054206830642
BHS,2001,81.152720524793
BHS,2000,81.0361161567684
BHR,2020,100.0
BHR,2019,100.0
BHR,2018,100.0
BHR,2017,100.0
BHR,2016,100.0
BHR,2015,100.0
BHR,2014,100.0
BHR,2013,100.0
BHR,2012,100.0
BHR,2011,100.0
BHR,2010,100.0
BHR,2009,98.3277849907243
BHR,2008,96.3461384245376
BHR,2007,94.460505558445
BHR,2006,92.7186075361661
BHR,2005,91.168165501421
BHR,2004,89.8569005979296
BHR,2003,88.8325339694118
BHR,2002,88.1427867595875
BHR,2001,87.8397146150894
BHR,2000,87.8356209595597
BGD,2020,31.1168927321524
BGD,2019,30.8228396343012
BGD,2018,30.5175656009959
BGD,2017,30.2015798381799
BGD,2016,29.8753915517965
BGD,2015,29.5395099477892
BGD,2014,29.1944442321013
BGD,2013,28.8407036106763
BGD,2012,28.4787972894576
BGD,2011,28.1100162712427
BGD,2010,27.7254372588696
BGD,2009,27.3111249057412
BGD,2008,26.87206041368
BGD,2007,26.415303779311
BGD,2006,25.9479149992596
BGD,2005,25.4769540701509
BGD,2004,25.0094809886101
BGD,2003,24.5525557512625
BGD,2002,24.1132383547332
BGD,2001,23.6999214768623
BGD,2000,23.3145114975244
BRB,2020,59.3014583324011
BRB,2019,59.2841140645486
BRB,2018,59.270175311893
BRB,2017,59.25926986892
BRB,2016,59.2510255301153
BRB,2015,59.2450700899645
BRB,2014,59.2410313429534
BRB,2013,59.2385370835674
BRB,2012,59.2372151062924
BRB,2011,59.236693205614
BRB,2010,59.2366008990356
BRB,2009,59.2944920242948
BRB,2008,59.4931902204528
BRB,2007,59.803942722226
BRB,2006,60.1960940466703
BRB,2005,60.6389887108416
BRB,2004,61.101971231796
BRB,2003,61.5543861265895
BRB,2002,61.965577912278
BRB,2001,62.3048911059175
BRB,2000,62.5379397803044
BLR,2020,77.7890385790408
BLR,2019,77.4550771852757
BLR,2018,77.2132720947266
BLR,2017,77.0208206176758
BLR,2016,76.8458709716797
BLR,2015,76.6263885498047
BLR,2014,76.3405227661133
BLR,2013,75.94970703125
BLR,2012,75.5281066894531
BLR,2011,75.0597534179688
BLR,2010,74.5501403808594
BLR,2009,74.1909646620571
BLR,2008,73.5531692504883
BLR,2007,73.0913467407227
BLR,2006,72.6113815307617
BLR,2005,72.0310134887695
BLR,2004,71.7658538818359
BLR,2003,71.3092422485352
BLR,2002,70.8804702758789
BLR,2001,70.3147201538086
BLR,2000,69.9172295434732
BEL,2020,87.2964994991269
BEL,2019,87.0961631189222
BEL,2018,86.8883449485575
BEL,2017,86.6731739531869
BEL,2016,86.4507790979645
BEL,2015,86.2212893480444
BEL,2014,85.9848336685807
BEL,2013,85.7415410247275
BEL,2012,85.4915403816388
BEL,2011,85.2349607044689
BEL,2010,84.9719309583717
BEL,2009,84.7025801085014
BEL,2008,84.427037120012
BEL,2007,84.1454309580577
BEL,2006,83.8578905877926
BEL,2005,83.5645449743707
BEL,2004,83.2655230829461
BEL,2003,82.9609538786731
BEL,2002,82.6509663267055
BEL,2001,82.3356893921976
BEL,2000,82.0152520403035
BLZ,2020,42.649842440311
BLZ,2019,42.9077622153323
BLZ,2018,43.164848281502
BLZ,2017,43.4211086747287
BLZ,2016,43.6765514309211
BLZ,2015,43.931184585988
BLZ,2014,44.1850161758379
BLZ,2013,44.4380542363795
BLZ,2012,44.6903068035216
BLZ,2011,44.9417819131729
BLZ,2010,45.1914838193558
BLZ,2009,45.4589714924251
BLZ,2008,45.7599120745023
BLZ,2007,46.0812472097226
BLZ,2006,46.4084814638913
BLZ,2005,46.7271194028137
BLZ,2004,47.0226655922949
BLZ,2003,47.2806245981404
BLZ,2002,47.4865009861554
BLZ,2001,47.6257993221451
BLZ,2000,47.6836847507377
BEN,2020,49.4461567219896
BEN,2019,48.7125500590248
BEN,2018,47.9952829275963
BEN,2017,47.2942774880391
BEN,2016,46.6094559006664
BEN,2015,45.9407403257663
BEN,2014,45.2880529235999
BEN,2013,44.6502883669319
BEN,2012,44.0475065829838
BEN,2011,43.4616136137276
BEN,2010,42.8916891239353
BEN,2009,42.338538285999
BEN,2008,41.8029662723105
BEN,2007,41.2857782552618
BEN,2006,40.7877794072449
BEN,2005,40.3097749006517
BEN,2004,39.8525699078742
BEN,2003,39.4169696013044
BEN,2002,39.0035069872981
BEN,2001,38.6186257669218
BEN,2000,38.2759517258875
BMU,2020,100
BMU,2019,100
BMU,2018,100
BMU,2017,100
BMU,2016,100
BMU,2015,100
BMU,2014,100
BMU,2013,100
BMU,2012,100
BMU,2011,100
BMU,2010,100
BMU,2009,100
BMU,2008,100
BMU,2007,100
BMU,2006,100
BMU,2005,100
BMU,2004,100
BMU,2003,100
BMU,2002,100
BMU,2001,100
BMU,2000,100
BTN,2020,39.6888839873439
BTN,2019,39.0746823405146
BTN,2018,38.4661892776975
BTN,2017,37.8645544995016
BTN,2016,37.2745234641407
BTN,2015,36.6983375690037
BTN,2014,36.1326606084122
BTN,2013,35.5740003158589
BTN,2012,35.0188644248365
BTN,2011,34.4637606688377
BTN,2010,33.9051967813552
BTN,2009,33.3396804958817
BTN,2008,32.76371954591
BTN,2007,32.1738216649326
BTN,2006,31.5664945864425
BTN,2005,30.9379917831613
BTN,2004,30.2914018195132
BTN,2003,29.6328608739429
BTN,2002,28.9630875013322
BTN,2001,28.282501830034
BTN,2000,27.5915239884015
BIH,2020,49.9710852122997
BIH,2019,49.4650440037758
BIH,2018,48.971927825824
BIH,2017,48.4918401819106
BIH,2016,48.0248845752382
BIH,2015,47.5711645087011
BIH,2014,47.130783484831
BIH,2013,46.6954224739896
BIH,2012,46.3655655972
BIH,2011,46.0528777644843
BIH,2010,45.7392153332604
BIH,2009,45.4246010387901
BIH,2008,45.1090576163352
BIH,2007,44.7926078011574
BIH,2006,44.4752743285185
BIH,2005,44.1570799336802
BIH,2004,43.8380473519042
BIH,2003,43.5181993184523
BIH,2002,43.1975585685863
BIH,2001,42.8761478375679
BIH,2000,42.5539898606589
BWA,2020,66.4488166494554
BWA,2019,66.3271694845464
BWA,2018,66.1579176461888
BWA,2017,65.9456435684731
BWA,2016,65.6949296854899
BWA,2015,65.4103584313295
BWA,2014,65.0965122400825
BWA,2013,64.7579735458393
BWA,2012,64.3993247826904
BWA,2011,64.0187810722889
BWA,2010,63.4945974665277
BWA,2009,62.7501882968523
BWA,2008,61.8321593704079
BWA,2007,60.7822308289942
BWA,2006,59.6421228144112
BWA,2005,58.4535554684584
BWA,2004,57.2582489329358
BWA,2003,56.0979233496432
BWA,2002,55.0142988603802
BWA,2001,54.0489894446035
BWA,2000,53.2047727398794
BRA,2020,86.9112186503004
BRA,2019,86.6797991084296
BRA,2018,86.4420719945072
BRA,2017,86.1982897571091
BRA,2016,85.9487048448108
BRA,2015,85.6935697061881
BRA,2014,85.4331367898168
BRA,2013,85.1676585442726
BRA,2012,84.8973874181312
BRA,2011,84.6225758599683
BRA,2010,84.343846036308
BRA,2009,84.0698380333651
BRA,2008,83.8036050557184
BRA,2007,83.5382571292649
BRA,2006,83.2672101364439
BRA,2005,82.9838799596945
BRA,2004,82.6816824814559
BRA,2003,82.3540335841671
BRA,2002,81.9943491502673
BRA,2001,81.5960450621957
BRA,2000,81.1484365423806
BGR,2020,73.3239898681641
BGR,2019,73.7162322998047
BGR,2018,73.600212097168
BGR,2017,73.3904571533203
BGR,2016,73.1750030517578
BGR,2015,73.1030578613281
BGR,2014,73.0844879150391
BGR,2013,72.9632821572019
BGR,2012,72.7684860229492
BGR,2011,72.6101653885532
BGR,2010,71.5149307250977
BGR,2009,71.3017349243164
BGR,2008,70.902099609375
BGR,2007,70.6844177246094
BGR,2006,70.5075225830078
BGR,2005,70.0869598388672
BGR,2004,69.9193344116211
BGR,2003,69.7808456420898
BGR,2002,69.4859161376953
BGR,2001,69.196711983564
BGR,2000,68.2631454467773
BFA,2020,26.3578373628627
BFA,2019,26.1187254401157
BFA,2018,26.0832202154822
BFA,2017,25.9769918665632
BFA,2016,25.821510372001
BFA,2015,25.621432645225
BFA,2014,25.3814155996643
BFA,2013,25.106116148748
BFA,2012,24.8001912059054
BFA,2011,24.4682976845657
BFA,2010,24.115092498158
BFA,2009,23.7452325601116
BFA,2008,23.3633747838557
BFA,2007,22.9741760828193
BFA,2006,22.5528306908743
BFA,2005,22.0179778440204
BFA,2004,21.3392180754924
BFA,2003,20.563327262892
BFA,2002,19.725053583448
BFA,2001,18.8591452143893
BFA,2000,18.0003503329444
BDI,2020,19.9309984273971
BDI,2019,18.786178154187
BDI,2018,17.6820221982475
BDI,2017,16.6241273909209
BDI,2016,15.6180905635494
BDI,2015,14.6695085474754
BDI,2014,13.7839781740413
BDI,2013,12.9670962745892
BDI,2012,12.2244596804615
BDI,2011,11.5616652230006
BDI,2010,10.9843097335487
BDI,2009,10.4979900434482
BDI,2008,10.1064353383035
BDI,2007,9.77289185737152
BDI,2006,9.4646291775586
BDI,2005,9.1806167624459
BDI,2004,8.9185547789176
BDI,2003,8.67614339385788
BDI,2002,8.45108277415092
BDI,2001,8.24107308668089
BDI,2000,8.04381449833197
KHM,2020,39.832658030922
KHM,2019,39.5830241256026
KHM,2018,37.6404336372742
KHM,2017,35.0127905056235
KHM,2016,32.4767436038024
KHM,2015,30.0669222549819
KHM,2014,27.8179557823331
KHM,2013,25.7644735090271
KHM,2012,23.9411047582349
KHM,2011,22.3824788531276
KHM,2010,21.1232251168762
KHM,2009,20.1979728726519
KHM,2008,19.6574509865325
KHM,2007,19.4035705019128
KHM,2006,19.2299832388976
KHM,2005,19.0922720052225
KHM,2004,18.9813615262763
KHM,2003,18.8881765274479
KHM,2002,18.803641734126
KHM,2001,18.7186818716995
KHM,2000,18.6242216655572
CMR,2020,54.2557949164174
CMR,2019,53.9487914119331
CMR,2018,53.6339873660653
CMR,2017,53.3115142121504
CMR,2016,52.9815033836792
CMR,2015,52.6440863142742
CMR,2014,52.2993944376709
CMR,2013,51.9475591877024
CMR,2012,51.5887119982861
CMR,2011,51.2229843034125
CMR,2010,50.8505075371362
CMR,2009,50.4714131335678
CMR,2008,50.0858325268669
CMR,2007,49.7027028593758
CMR,2006,49.2044173412861
CMR,2005,48.5837852394685
CMR,2004,48.1826845960942
CMR,2003,47.7325523560061
CMR,2002,47.2589242513436
CMR,2001,46.7627509050978
CMR,2000,46.2449829402599
CAN,2020,81.9509888710566
CAN,2019,81.7363672047941
CAN,2018,81.5500341646653
CAN,2017,81.4018945832226
CAN,2016,81.3023011093703
CAN,2015,81.2465670276699
CAN,2014,81.211183161556
CAN,2013,81.183439957458
CAN,2012,81.1513483248791
CAN,2011,81.1031425434213
CAN,2010,81.0120892252937
CAN,2009,80.8591838893921
CAN,2008,80.6628944916604
CAN,2007,80.4425615136782
CAN,2006,80.219066099279
CAN,2005,79.9760615882965
CAN,2004,79.6923063348315
CAN,2003,79.391380674239
CAN,2002,79.0990234802234
CAN,2001,78.8414764949736
CAN,2000,78.6292995508947
CYM,2020,100
CYM,2019,100
CYM,2018,100
CYM,2017,100
CYM,2016,100
CYM,2015,100
CYM,2014,100
CYM,2013,100
CYM,2012,100
CYM,2011,100
CYM,2010,100
CYM,2009,100
CYM,2008,100
CYM,2007,100
CYM,2006,100
CYM,2005,100
CYM,2004,100
CYM,2003,100
CYM,2002,100
CYM,2001,100
CYM,2000,100
TCD,2020,24.7341921795416
TCD,2019,24.2731047386633
TCD,2018,23.8486084924975
TCD,2017,23.461349471105
TCD,2016,23.1119734707179
TCD,2015,22.8011258828974
TCD,2014,22.5294513486009
TCD,2013,22.2975929852391
TCD,2012,22.1061904148178
TCD,2011,21.9558736797638
TCD,2010,21.8472378191095
TCD,2009,21.7784396568755
TCD,2008,21.7755796038887
TCD,2007,21.7709046834576
TCD,2006,21.7629797848529
TCD,2005,21.7519046977973
TCD,2004,21.7377792120134
TCD,2003,21.7207031172239
TCD,2002,21.7007762031515
TCD,2001,21.6780982595188
TCD,2000,21.6527690760484
CHL,2020,88.2953490438375
CHL,2019,88.1273685623538
CHL,2018,87.9620493753008
CHL,2017,87.8000295757281
CHL,2016,87.6306290578181
CHL,2015,87.4653320342387
CHL,2014,87.3133701497978
CHL,2013,87.1827777654221
CHL,2012,87.0824943735696
CHL,2011,87.0109164653326
CHL,2010,86.9560135592209
CHL,2009,86.9124897308683
CHL,2008,86.8765769429469
CHL,2007,86.8445071581285
CHL,2006,86.8125123390851
CHL,2005,86.7768244484887
CHL,2004,86.7336754490112
CHL,2003,86.6792973033246
CHL,2002,86.6114115090282
CHL,2001,86.4906345913002
CHL,2000,86.2710912457813
CHN,2020,63.5234230266258
CHN,2019,62.7099151611328
CHN,2018,61.5001983642578
CHN,2017,60.2402687072754
CHN,2016,58.8399238586426
CHN,2015,57.3297843933105
CHN,2014,55.7502555847168
CHN,2013,54.4900016784668
CHN,2012,53.1003112792969
CHN,2011,51.8300285339355
CHN,2010,49.2340270628041
CHN,2009,48.3417053222656
CHN,2008,46.9895057678223
CHN,2007,45.8892440795898
CHN,2006,44.3430099487305
CHN,2005,42.9899978637695
CHN,2004,41.7600135803223
CHN,2003,40.5302314758301
CHN,2002,39.0897827148438
CHN,2001,37.6597442626953
CHN,2000,36.4320234662299
COL,2020,77.6382533537045
COL,2019,77.4595528518377
COL,2018,77.2804816598084
COL,2017,77.2245191706503
COL,2016,77.2036266362166
COL,2015,77.1636280538646
COL,2014,77.1058449419909
COL,2013,77.0315988189922
COL,2012,76.942211203265
COL,2011,76.839003613206
COL,2010,76.7232975672119
COL,2009,76.5964145836792
COL,2008,76.4596761810047
COL,2007,76.3144038775849
COL,2006,76.1619191918164
COL,2005,76.004938901378
COL,2004,75.8080569479496
COL,2003,75.5341828570154
COL,2002,75.192444355543
COL,2001,74.7938371677676
COL,2000,74.3493570179247
COM,2020,32.0638072194881
COM,2019,31.7287584068243
COM,2018,31.4073645195839
COM,2017,31.0996559689293
COM,2016,30.7305018169792
COM,2015,30.3732008585112
COM,2014,30.0302906552932
COM,2013,29.7043482521482
COM,2012,29.397950693899
COM,2011,29.1136750253686
COM,2010,28.8540982913801
COM,2009,28.6217975367563
COM,2008,28.4193498063202
COM,2007,28.2493321448949
COM,2006,28.1143215973031
COM,2005,28.016895208368
COM,2004,27.9596300229124
COM,2003,27.9448864609618
COM,2002,27.9586267103537
COM,2001,27.9902886596605
COM,2000,28.0360512192055
COG,2020,63.5760904494257
COG,2019,63.5176376123385
COG,2018,63.4434577481975
COG,2017,63.3544545340423
COG,2016,63.2515316469123
COG,2015,63.135592763847
COG,2014,63.0075415618859
COG,2013,62.8682817180686
COG,2012,62.7187169094345
COG,2011,62.5597508130231
COG,2010,62.3922871058739
COG,2009,62.2172294650265
COG,2008,62.0354815675203
COG,2007,61.8502563370293
COG,2006,61.6237792620651
COG,2005,61.310286636126
COG,2004,60.9205990186239
COG,2003,60.4694583791889
COG,2002,59.9716066874511
COG,2001,59.4417859130405
COG,2000,58.8947380255871
CRI,2020,77.5211537281257
CRI,2019,77.0435864735963
CRI,2018,76.5544308439668
CRI,2017,76.0539254265608
CRI,2016,75.5423088085047
CRI,2015,75.0198195767549
CRI,2014,74.4866963181212
CRI,2013,73.9431776192863
CRI,2012,73.3895020668217
CRI,2011,72.8426586679914
CRI,2010,71.5081448974915
CRI,2009,70.1398469456228
CRI,2008,68.7925833934861
CRI,2007,67.4686406496983
CRI,2006,66.1703051228767
CRI,2005,64.8998632216384
CRI,2004,63.6596013546005
CRI,2003,62.4518059303802
CRI,2002,61.2787633575946
CRI,2001,60.1427600448608
CRI,2000,59.0462378975394
HRV,2020,56.5284863367411
HRV,2019,56.303247958306
HRV,2018,56.093170097094
HRV,2017,55.9009887365155
HRV,2016,55.7294398599808
HRV,2015,55.5812594509004
HRV,2014,55.4591834926844
HRV,2013,55.3659479687433
HRV,2012,55.3042888624873
HRV,2011,55.2773793281248
HRV,2010,55.2824979327886
HRV,2009,55.3096640250682
HRV,2008,55.3530687812969
HRV,2007,55.4077128728613
HRV,2006,55.4685969711483
HRV,2005,55.5307217475444
HRV,2004,55.5890878734365
HRV,2003,55.6386960202113
HRV,2002,55.6745468592554
HRV,2001,55.6913829056559
HRV,2000,55.6818319251231
CUB,2020,77.1080322265625
CUB,2019,77.0728225708008
CUB,2018,77.0156326293945
CUB,2017,76.9603271484375
CUB,2016,76.9115829467773
CUB,2015,76.8702850341797
CUB,2014,76.8442459106445
CUB,2013,76.81640625
CUB,2012,76.7776920066844
CUB,2011,76.707663902788
CUB,2010,76.6099132468685
CUB,2009,76.4930251871133
CUB,2008,76.365461375763
CUB,2007,76.2356834650585
CUB,2006,76.1121531072403
CUB,2005,76.0033319545493
CUB,2004,75.917681659226
CUB,2003,75.8636638735113
CUB,2002,75.8514891112497
CUB,2001,75.887565612793
CUB,2000,75.635383605957
CYP,2020,66.7180443478713
CYP,2019,66.7677357070518
CYP,2018,66.8255530496405
CYP,2017,66.8907450570326
CYP,2016,66.9625604106231
CYP,2015,67.0402477918073
CYP,2014,67.1230558819804
CYP,2013,67.2102333625375
CYP,2012,67.3010289148738
CYP,2011,67.3979892758544
CYP,2010,67.5229111556342
CYP,2009,67.6836053786548
CYP,2008,67.8666261318649
CYP,2007,68.0604154001212
CYP,2006,68.2534151682801
CYP,2005,68.4340674211981
CYP,2004,68.5908141437316
CYP,2003,68.7120973207373
CYP,2002,68.7863589370716
CYP,2001,68.8024068077544
CYP,2000,68.7726966799379
CZE,2020,72.7254901604208
CZE,2019,72.7876426709563
CZE,2018,72.8498744351241
CZE,2017,72.9121853567256
CZE,2016,72.9745753395623
CZE,2015,73.0370442874355
CZE,2014,73.0995921041469
CZE,2013,73.1622186934979
CZE,2012,73.2249239592898
CZE,2011,73.2878338394746
CZE,2010,73.3495599222723
CZE,2009,73.4084890302159
CZE,2008,73.4655517409377
CZE,2007,73.5219493596925
CZE,2006,73.578883191735
CZE,2005,73.6375545423198
CZE,2004,73.6991647167017
CZE,2003,73.7649150201353
CZE,2002,73.8360067578753
CZE,2001,73.9131752504002
CZE,2000,74.0038256456769
DNK,2020,88.2394485473632
DNK,2019,88.2096490810669
DNK,2018,88.1059762310689
DNK,2017,88.0161943799509
DNK,2016,87.6999969482422
DNK,2015,87.7254056577329
DNK,2014,87.6823985731907
DNK,2013,87.5436524760432
DNK,2012,87.2336196899414
DNK,2011,87.1567653955846
DNK,2010,86.8652420043945
DNK,2009,86.7617653139929
DNK,2008,86.583137512207
DNK,2007,86.4251464366349
DNK,2006,86.2501288149818
DNK,2005,86.0059706832865
DNK,2004,85.7130276911593
DNK,2003,85.4199981689453
DNK,2002,85.3000030517578
DNK,2001,85.188307882087
DNK,2000,85.0999984741211
DJI,2020,71.9990170519895
DJI,2019,71.7418146554518
DJI,2018,71.5153442785902
DJI,2017,71.318261933957
DJI,2016,71.1492236341041
DJI,2015,71.0068853915837
DJI,2014,70.8899032189478
DJI,2013,70.7969331287484
DJI,2012,70.7266311335377
DJI,2011,70.6776532458676
DJI,2010,70.6486554782903
DJI,2009,70.6383251554484
DJI,2008,70.6793730584341
DJI,2007,70.8118125191918
DJI,2006,71.0245352095823
DJI,2005,71.3061450044404
DJI,2004,71.6452457786012
DJI,2003,72.0304414068997
DJI,2002,72.4503357641707
DJI,2001,72.8935327252495
DJI,2000,73.3486361649708
DMA,2020,71.846576780589
DMA,2019,71.4382284948964
DMA,2018,71.0362526779762
DMA,2017,70.6405848604787
DMA,2016,70.2511605730541
DMA,2015,69.8679153463528
DMA,2014,69.4907847110252
DMA,2013,69.119704197722
DMA,2012,68.754609337094
DMA,2011,68.3978165602727
DMA,2010,67.9983269911984
DMA,2009,67.6071900939817
DMA,2008,67.232264436023
DMA,2007,66.877081776731
DMA,2006,66.5451738755145
DMA,2005,66.2400724917823
DMA,2004,65.9653093849432
DMA,2003,65.7244163144059
DMA,2002,65.5209250395792
DMA,2001,65.3586067945228
DMA,2000,65.2352744316641
DOM,2020,73.2643793773663
DOM,2019,73.5403464672933
DOM,2018,73.7589255716938
DOM,2017,73.926806252977
DOM,2016,74.0506780735522
DOM,2015,74.1372305958285
DOM,2014,74.1931533822153
DOM,2013,74.2251359951216
DOM,2012,74.2398679969568
DOM,2011,74.2440389501301
DOM,2010,74.1642773174177
DOM,2009,73.5894974865426
DOM,2008,72.4865154265802
DOM,2007,71.0193434994977
DOM,2006,69.333853706035
DOM,2005,67.5759180469321
DOM,2004,65.8914085229291
DOM,2003,64.426197134766
DOM,2002,63.2914022524877
DOM,2001,62.2979450293469
DOM,2000,61.3128549215919
ECU,2020,63.0773897782521
ECU,2019,63.0627139714638
ECU,2018,63.0433276812321
ECU,2017,63.0194591842425
ECU,2016,62.9913367571804
ECU,2015,62.959188676731
ECU,2014,62.9232432195799
ECU,2013,62.8837286624122
ECU,2012,62.8408732819135
ECU,2011,62.7949053547691
ECU,2010,62.7405258611644
ECU,2009,62.6588021150118
ECU,2008,62.5395521004212
ECU,2007,62.3887552077227
ECU,2006,62.2099988435587
ECU,2005,62.0068704145716
ECU,2004,61.7829573274038
ECU,2003,61.5418469886978
ECU,2002,61.2871268050958
ECU,2001,61.0123544006659
ECU,2000,60.6865005107058
EGY,2020,42.5181534630674
EGY,2019,42.4812027332648
EGY,2018,42.4577177449969
EGY,2017,42.4486008687179
EGY,2016,42.5210717266225
EGY,2015,42.6056314089048
EGY,2014,42.6825522284408
EGY,2013,42.7514277188751
EGY,2012,42.8118514138525
EGY,2011,42.8634168470177
EGY,2010,42.9057175520154
EGY,2009,42.9383470624904
EGY,2008,42.9608989120873
EGY,2007,42.9729666344509
EGY,2006,42.9729991680104
EGY,2005,42.9569271409488
EGY,2004,42.9255593360476
EGY,2003,42.8834685533792
EGY,2002,42.8347629483917
EGY,2001,42.7835506765333
EGY,2000,42.7339398932519
SLV,2020,73.0570220947266
SLV,2019,72.4148941040039
SLV,2018,71.7577209472656
SLV,2017,71.0856704711914
SLV,2016,70.3990173339844
SLV,2015,69.6982116699219
SLV,2014,68.9166664266223
SLV,2013,68.0878511957995
SLV,2012,67.2232666950659
SLV,2011,66.334413642034
SLV,2010,65.4327927543162
SLV,2009,64.5299047495248
SLV,2008,63.6372503452723
SLV,2007,62.7676878093683
SLV,2006,61.9068679391763
SLV,2005,61.0308213239291
SLV,2004,60.1425374326239
SLV,2003,59.2468576589718
SLV,2002,58.3486233966841
SLV,2001,57.4526760394716
SLV,2000,56.5638569810457
GNQ,2020,70.3853314193247
GNQ,2019,70.1175419547293
GNQ,2018,69.8396623666175
GNQ,2017,69.5516019132985
GNQ,2016,69.253269853051
GNQ,2015,68.951270615355
GNQ,2014,65.5593240167184
GNQ,2013,62.2120073583984
GNQ,2012,59.0106940671203
GNQ,2011,55.9743349096911
GNQ,2010,53.1218806529176
GNQ,2009,50.4722820636069
GNQ,2008,48.0444899085658
GNQ,2007,45.8574549546013
GNQ,2006,43.9301279685204
GNQ,2005,42.2814597171299
GNQ,2004,40.9304009672368
GNQ,2003,39.895902485648
GNQ,2002,39.1969150391705
GNQ,2001,38.8638365386531
GNQ,2000,38.8154587133988
ERI,2020,35.116138458252
ERI,2019,35.2352333068848
ERI,2018,35.3451042175293
ERI,2017,35.4427146911621
ERI,2016,35.5254287719727
ERI,2015,35.591007232666
ERI,2014,35.639720916748
ERI,2013,35.6713333129883
ERI,2012,35.6824264526367
ERI,2011,35.6706275939941
ERI,2010,35.6346549987793
ERI,2009,35.5742034912109
ERI,2008,35.4897117614746
ERI,2007,35.3820953369141
ERI,2006,35.2525177001953
ERI,2005,35.1022033691406
ERI,2004,34.9324645996094
ERI,2003,34.7451286315918
ERI,2002,34.5420799255371
ERI,2001,34.3253211975098
ERI,2000,34.0983619689941
EST,2020,69.8815778947665
EST,2019,69.5787397662154
EST,2018,69.2803532930133
EST,2017,68.9931941915158
EST,2016,68.724038178078
EST,2015,68.4796609690553
EST,2014,68.2668382808032
EST,2013,68.0923458296768
EST,2012,67.9629593320316
EST,2011,67.8775556334506
EST,2010,67.8048042926262
EST,2009,67.7348909034398
EST,2008,67.6696980194394
EST,2007,67.6097866365576
EST,2006,67.5557177507269
EST,2005,67.5080523578799
EST,2004,67.467351453949
EST,2003,67.4341760348669
EST,2002,67.4090870965661
EST,2001,67.3926456349791
EST,2000,67.385529072627
SWZ,2020,24.6652798922192
SWZ,2019,24.3459549517751
SWZ,2018,24.0579295404227
SWZ,2017,23.8052004963161
SWZ,2016,23.5278881746356
SWZ,2015,23.2660261759632
SWZ,2014,23.026850446568
SWZ,2013,22.8121644356992
SWZ,2012,22.6237715926065
SWZ,2011,22.4634753665393
SWZ,2010,22.3330792067471
SWZ,2009,22.2343865624794
SWZ,2008,22.1692008829856
SWZ,2007,22.139989967508
SWZ,2006,22.1505527018245
SWZ,2005,22.2102447619336
SWZ,2004,22.3077107838089
SWZ,2003,22.4312316968119
SWZ,2002,22.5690884303038
SWZ,2001,22.7095619136459
SWZ,2000,22.8409330761997
ETH,2020,21.6260051727295
ETH,2019,21.2486705780029
ETH,2018,20.7838096618652
ETH,2017,20.3084850311279
ETH,2016,19.8763618469238
ETH,2015,19.451566696167
ETH,2014,19.0262870788574
ETH,2013,18.615514755249
ETH,2012,18.2061367034912
ETH,2011,17.863790512085
ETH,2010,17.4937839508057
ETH,2009,17.1511001586914
ETH,2008,16.7936706542969
ETH,2007,16.0948330261902
ETH,2006,16.2148475646973
ETH,2005,15.982967376709
ETH,2004,15.7585906982422
ETH,2003,15.5438537597656
ETH,2002,15.333233833313
ETH,2001,15.1177673339844
ETH,2000,14.9193096160889
FJI,2020,57.186684691874
FJI,2019,56.70989552257
FJI,2018,56.2328347385698
FJI,2017,55.7408343449609
FJI,2016,55.1734720973874
FJI,2015,54.6234188083653
FJI,2014,54.0838287543856
FJI,2013,53.5552726299291
FJI,2012,53.0383211294771
FJI,2011,52.5335449475105
FJI,2010,52.0415147785104
FJI,2009,51.5628013169579
FJI,2008,51.0979752573339
FJI,2007,50.6494569776975
FJI,2006,50.2294752725468
FJI,2005,49.8421361321385
FJI,2004,49.4772922157817
FJI,2003,49.1260494882891
FJI,2002,48.7795139144731
FJI,2001,48.4287914591462
FJI,2000,48.0649880871211
FIN,2020,73.0849439791673
FIN,2019,72.7431214358314
FIN,2018,72.3423467740343
FIN,2017,71.9563038312956
FIN,2016,71.6158383428171
FIN,2015,71.3054930040604
FIN,2014,70.9879168940753
FIN,2013,70.6742118159277
FIN,2012,70.3661363168712
FIN,2011,70.0583261874252
FIN,2010,69.7855798796947
FIN,2009,69.546259966947
FIN,2008,69.2943672196361
FIN,2007,69.0200377316963
FIN,2006,68.7588279849327
FIN,2005,68.5140529517604
FIN,2004,68.2766596767133
FIN,2003,68.0425549126858
FIN,2002,67.7951641569199
FIN,2001,67.4982392821958
FIN,2000,67.1227685349539
FRA,2020,78.7119131765249
FRA,2019,78.6890784549356
FRA,2018,78.6714432536599
FRA,2017,78.6467804026368
FRA,2016,78.5999114705779
FRA,2015,77.7610919150066
FRA,2014,77.3524296788613
FRA,2013,77.2440721470918
FRA,2012,77.1669464919916
FRA,2011,77.1182717387509
FRA,2010,77.0962844808803
FRA,2009,77.1005391809676
FRA,2008,77.1561901569367
FRA,2007,77.2457976606157
FRA,2006,77.3467240068648
FRA,2005,77.4363315105438
FRA,2004,77.4900500011961
FRA,2003,77.4691216035138
FRA,2002,77.2543866607525
FRA,2001,76.9074413607811
FRA,2000,76.5143983146093
GAB,2020,90.3480750410147
GAB,2019,89.9031850170394
GAB,2018,89.4539949981866
GAB,2017,89.0009733256896
GAB,2016,88.5445883406178
GAB,2015,88.085308383892
GAB,2014,87.6236017962969
GAB,2013,87.1482480671637
GAB,2012,86.8838635787001
GAB,2011,86.5665383650315
GAB,2010,86.1852592472945
GAB,2009,85.7432582123932
GAB,2008,85.2437672472316
GAB,2007,84.6900183387136
GAB,2006,84.0852434737431
GAB,2005,83.4326746392243
GAB,2004,82.7355438220611
GAB,2003,81.9970830091574
GAB,2002,81.2205241874174
GAB,2001,80.4090993437448
GAB,2000,79.5660404650438
GMB,2020,62.2069251698555
GMB,2019,61.643210849607
GMB,2018,61.0645869348107
GMB,2017,60.471712657237
GMB,2016,59.8652472486563
GMB,2015,59.2458499408388
GMB,2014,58.6141799655551
GMB,2013,57.970305611505
GMB,2012,57.3207304207091
GMB,2011,56.6696692994225
GMB,2010,56.0110896605662
GMB,2009,55.3379286345209
GMB,2008,54.6431233516671
GMB,2007,53.9196109423854
GMB,2006,53.1603285370566
GMB,2005,52.3582132660613
GMB,2004,51.5062022597801
GMB,2003,50.6010077995371
GMB,2002,49.5731153377033
GMB,2001,48.3491979765917
GMB,2000,46.9722332873784
GEO,2020,58.9990552763878
GEO,2019,58.6304091780343
GEO,2018,58.3038181862576
GEO,2017,57.9996827205757
GEO,2016,57.6984032005062
GEO,2015,57.3803800455672
GEO,2014,57.0237612994258
GEO,2013,56.6182119019407
GEO,2012,56.1683526759979
GEO,2011,55.6899257648533
GEO,2010,55.1969344748228
GEO,2009,54.7033821122222
GEO,2008,54.2232719833673
GEO,2007,53.7706073945741
GEO,2006,53.3593916521584
GEO,2005,53.0036280624359
GEO,2004,52.7173199317225
GEO,2003,52.5144705663341
GEO,2002,52.4127676027039
GEO,2001,52.4098165040349
GEO,2000,52.4935999592259
DEU,2020,81.4700055002738
DEU,2019,81.3053991689039
DEU,2018,81.1423036204018
DEU,2017,80.9842544038853
DEU,2016,80.8347870684725
DEU,2015,80.6974371632814
DEU,2014,80.57574023743
DEU,2013,80.4732318400362
DEU,2012,80.393447520218
DEU,2011,80.3405762928198
DEU,2010,80.305702559949
DEU,2009,80.2745192417062
DEU,2008,80.2459549084581
DEU,2007,80.2198636634402
DEU,2006,80.1960996098884
DEU,2005,80.1745168510383
DEU,2004,80.1549694901257
DEU,2003,80.1373116303862
DEU,2002,80.1213973750556
DEU,2001,80.1070808273695
DEU,2000,80.0942160905637
GHA,2020,56.2171613974837
GHA,2019,55.7246279109161
GHA,2018,55.218477566593
GHA,2017,54.6991419779128
GHA,2016,54.167052758274
GHA,2015,53.6226415210752
GHA,2014,53.0663398797148
GHA,2013,52.4985794475913
GHA,2012,51.9197918381031
GHA,2011,51.3304086646488
GHA,2010,50.7296926788704
GHA,2009,50.1111250897099
GHA,2008,49.4708679942306
GHA,2007,48.8125122665918
GHA,2006,48.1388926229785
GHA,2005,47.4528437795757
GHA,2004,46.7572004525685
GHA,2003,46.0547973581418
GHA,2002,45.3484692124806
GHA,2001,44.6410507317701
GHA,2000,43.9373786640616
GRC,2020,78.3066842455552
GRC,2019,78.1888100466875
GRC,2018,78.0490656849874
GRC,2017,77.8895342613411
GRC,2016,77.7122988766348
GRC,2015,77.5194426317545
GRC,2014,77.3130486275866
GRC,2013,77.0951999650171
GRC,2012,76.8679797449322
GRC,2011,76.6352609929407
GRC,2010,76.3631476983077
GRC,2009,76.0174962722535
GRC,2008,75.615079456679
GRC,2007,75.1753473512439
GRC,2006,74.717750055608
GRC,2005,74.2617376694311
GRC,2004,73.8267602923728
GRC,2003,73.432268024093
GRC,2002,73.0977109642516
GRC,2001,72.8460703788502
GRC,2000,72.665642910984
GRD,2020,36.2050502515788
GRD,2019,36.1346465679904
GRD,2018,36.0720421424532
GRD,2017,36.0173296416579
GRD,2016,35.9706014181883
GRD,2015,35.9319491111708
GRD,2014,35.9014624346562
GRD,2013,35.8792242623778
GRD,2012,35.8652755773132
GRD,2011,35.8601091092326
GRD,2010,35.8743359481443
GRD,2009,35.8877990260417
GRD,2008,35.8983157156326
GRD,2007,35.9062498793276
GRD,2006,35.9119653795374
GRD,2005,35.9158260786725
GRD,2004,35.9181958391436
GRD,2003,35.9194385233611
GRD,2002,35.9199179937357
GRD,2001,35.9199973947796
GRD,2000,35.8702371019579
GTM,2020,54.5483167911628
GTM,2019,54.1882267267974
GTM,2018,53.845962303542
GTM,2017,53.7994723140017
GTM,2016,53.6609232857043
GTM,2015,53.4411050262961
GTM,2014,53.1458479013964
GTM,2013,52.7809822766245
GTM,2012,52.3523385176
GTM,2011,51.8657469899423
GTM,2010,51.3270380592706
GTM,2009,50.7420420912045
GTM,2008,50.1165894513633
GTM,2007,49.4565105053665
GTM,2006,48.7676356188334
GTM,2005,48.0557951573834
GTM,2004,47.326819486636
GTM,2003,46.5865389722105
GTM,2002,45.7754731938848
GTM,2001,44.678095600504
GTM,2000,43.2434755105047
GIN,2020,36.4802208060551
GIN,2019,36.1281547546387
GIN,2018,35.8554382324219
GIN,2017,35.5827331542969
GIN,2016,35.3100280761719
GIN,2015,35.0373191833496
GIN,2014,34.8177920826682
GIN,2013,34.5812741977122
GIN,2012,34.3313936933767
GIN,2011,34.0732054685603
GIN,2010,33.8075426880206
GIN,2009,33.5352385165154
GIN,2008,33.2571261188022
GIN,2007,32.9740386596386
GIN,2006,32.6868093037822
GIN,2005,32.3962712159907
GIN,2004,32.1032575610216
GIN,2003,31.8086015036327
GIN,2002,31.5131362085814
GIN,2001,31.2176948406254
GIN,2000,30.9231105645224
GNB,2020,44.3038330078125
GNB,2019,43.8745574951172
GNB,2018,43.4449081420898
GNB,2017,43.0155792236328
GNB,2016,42.586109161377
GNB,2015,42.1568145751953
GNB,2014,41.7271995544434
GNB,2013,41.2976379394531
GNB,2012,40.8686027526855
GNB,2011,40.4391136169434
GNB,2010,40.0095596313477
GNB,2009,39.6716434222135
GNB,2008,39.3320535671181
GNB,2007,39.0030975009025
GNB,2006,38.6871193165452
GNB,2005,38.3801443659997
GNB,2004,38.0781980012196
GNB,2003,37.7773055741583
GNB,2002,37.4734924367695
GNB,2001,37.1627839410066
GNB,2000,36.8412054388232
GUY,2020,26.4340397353676
GUY,2019,26.4258834773058
GUY,2018,26.4188378517884
GUY,2017,26.412905546573
GUY,2016,26.4080892882899
GUY,2015,26.4043918297579
GUY,2014,26.4018152016157
GUY,2013,26.4003891353669
GUY,2012,26.3999996185303
GUY,2011,26.3999996185303
GUY,2010,26.4592185137368
GUY,2009,26.620074648793
GUY,2008,26.8573671978542
GUY,2007,27.1458953350755
GUY,2006,27.4604582346121
GUY,2005,27.7758550706193
GUY,2004,28.0668850172523
GUY,2003,28.3083472486662
GUY,2002,28.4796776810692
GUY,2001,28.6194627210441
GUY,2000,28.7610390578913
HTI,2020,52.6307476732151
HTI,2019,52.0069059952475
HTI,2018,51.374898112219
HTI,2017,50.735083378449
HTI,2016,50.087821148256
HTI,2015,49.4334707759572
HTI,2014,48.7723916158687
HTI,2013,48.1049430223048
HTI,2012,47.4314843495779
HTI,2011,46.7523749519985
HTI,2010,46.0679741838751
HTI,2009,45.3786413995138
HTI,2008,44.6847359532184
HTI,2007,43.9866171992907
HTI,2006,43.2846444920296
HTI,2005,42.5791771857318
HTI,2004,41.8705746346912
HTI,2003,41.2007603284477
HTI,2002,39.9708985140797
HTI,2001,38.3871832598564
HTI,2000,36.8408497942176
HND,2020,56.8691654042685
HND,2019,56.3791561389766
HND,2018,55.8852577716247
HND,2017,55.3877322339915
HND,2016,54.8868414578857
HND,2015,54.3828473751434
HND,2014,53.8768089124249
HND,2013,53.356379133253
HND,2012,52.6641557109031
HND,2011,51.9908892304951
HND,2010,51.3273733161098
HND,2009,50.6740175729851
HND,2008,50.0312316063593
HND,2007,49.3994250214704
HND,2006,48.7790074235564
HND,2005,48.1703884178554
HND,2004,47.5739776096056
HND,2003,46.990184604045
HND,2002,46.4194190064116
HND,2001,45.8623033555915
HND,2000,45.3233354392127
HUN,2020,70.2917327880859
HUN,2019,70.4565277099609
HUN,2018,70.4711761474609
HUN,2017,70.4542541503906
HUN,2016,70.4733810424805
HUN,2015,70.4847717285156
HUN,2014,70.3071053512008
HUN,2013,69.9277636266638
HUN,2012,69.5772326660156
HUN,2011,69.4779934082031
HUN,2010,69.5305480957031
HUN,2009,68.4592590332031
HUN,2008,68.0976986078883
HUN,2007,67.0041656494141
HUN,2006,67.0155868530273
HUN,2005,66.1261367797852
HUN,2004,65.0225372314453
HUN,2003,64.8452987670898
HUN,2002,65.0400009155273
HUN,2001,64.646880283041
HUN,2000,64.2602344392211
ISL,2020,94.1367102874722
ISL,2019,93.9770847416131
ISL,2018,93.8526667025487
ISL,2017,93.7718982310092
ISL,2016,93.7822647094726
ISL,2015,93.727919768566
ISL,2014,93.6196716315805
ISL,2013,93.6166725158692
ISL,2012,93.514892578125
ISL,2011,93.41106112427
ISL,2010,93.4588348107886
ISL,2009,93.4441340553707
ISL,2008,93.0646442174216
ISL,2007,92.3614571703229
ISL,2006,92.1949009038813
ISL,2005,92.377441015064
ISL,2004,92.4377293375354
ISL,2003,92.3235559316863
ISL,2002,92.1674022598912
ISL,2001,92.0452304560359
ISL,2000,91.9674192031642
IND,2020,34.1286726088333
IND,2019,33.8139578818147
IND,2018,33.4984353473598
IND,2017,33.1821328157539
IND,2016,32.8650780972823
IND,2015,32.5472990022299
IND,2014,32.2288233408821
IND,2013,31.9096789235237
IND,2012,31.5898935604399
IND,2011,31.2746502853309
IND,2010,30.9042190810094
IND,2009,30.5185314023263
IND,2008,30.1438485921815
IND,2007,29.7810426848684
IND,2006,29.4309857146804
IND,2005,29.0945497159107
IND,2004,28.7726067228528
IND,2003,28.4660287698
IND,2002,28.1756878910456
IND,2001,27.9028652096636
IND,2000,27.6470407512523
IDN,2020,56.2785287648768
IDN,2019,55.7382049560547
IDN,2018,55.0956840515137
IDN,2017,54.4541015625
IDN,2016,53.812557220459
IDN,2015,53.1720771789551
IDN,2014,52.5002136230469
IDN,2013,51.8307495117188
IDN,2012,51.1593933105469
IDN,2011,50.4830017089844
IDN,2010,49.8521375148888
IDN,2009,49.16775798133
IDN,2008,48.4644736032029
IDN,2007,47.7432993585496
IDN,2006,47.0017588692457
IDN,2005,46.2373757571669
IDN,2004,45.4476736441888
IDN,2003,44.6301761521872
IDN,2002,43.7824069030376
IDN,2001,42.9018895186157
IDN,2000,41.9861540600656
IRQ,2020,69.8683166503906
IRQ,2019,69.8683395385742
IRQ,2018,69.8765148865842
IRQ,2017,69.8944511190753
IRQ,2016,69.9123778259643
IRQ,2015,69.920524597168
IRQ,2014,69.6666641235352
IRQ,2013,69.444450378418
IRQ,2012,69.2222213745117
IRQ,2011,69.1252233869916
IRQ,2010,69.0582953378474
IRQ,2009,68.9742328505284
IRQ,2008,68.8569818968574
IRQ,2007,68.716475540845
IRQ,2006,68.5590667282222
IRQ,2005,68.391425621866
IRQ,2004,68.2202223846538
IRQ,2003,68.0521271794625
IRQ,2002,67.8938101691696
IRQ,2001,67.751941516652
IRQ,2000,67.6331913847871
IRL,2020,63.4713366724915
IRL,2019,63.2737009154127
IRL,2018,63.0844503476779
IRL,2017,62.9035196521232
IRL,2016,62.7229399123734
IRL,2015,62.6392123492764
IRL,2014,62.535401730577
IRL,2013,62.4047157756118
IRL,2012,62.2529318511038
IRL,2011,62.0872735820277
IRL,2010,61.8910689348512
IRL,2009,61.6421022728798
IRL,2008,61.3581903884996
IRL,2007,61.0601979374234
IRL,2006,60.7703677431593
IRL,2005,60.4882988006461
IRL,2004,60.1994750854288
IRL,2003,59.9120142632573
IRL,2002,59.6367259990731
IRL,2001,59.3763923617156
IRL,2000,59.1247997891425
ISR,2020,91.5788453228939
ISR,2019,91.6154002002652
ISR,2018,91.6456193546346
ISR,2017,91.6701057535759
ISR,2016,91.6894623646632
ISR,2015,91.7042921554705
ISR,2014,91.7151980935716
ISR,2013,91.7227831465406
ISR,2012,91.7276502819515
ISR,2011,91.7304024673781
ISR,2010,91.7316426703946
ISR,2009,91.7319738585748
ISR,2008,91.7292868898136
ISR,2007,91.713639843393
ISR,2006,91.6825760364229
ISR,2005,91.6384296279033
ISR,2004,91.5829008110251
ISR,2003,91.5176897789793
ISR,2002,91.4444967249569
ISR,2001,91.365021842149
ISR,2000,91.2809653237465
ITA,2020,69.5187492370606
ITA,2019,69.5050010681153
ITA,2018,69.4800033569336
ITA,2017,69.5180784259382
ITA,2016,69.5969232525286
ITA,2015,69.6100006103516
ITA,2014,69.5807638614879
ITA,2013,69.3073989916076
ITA,2012,68.7608794235259
ITA,2011,68.4015073889511
ITA,2010,68.2163741829857
ITA,2009,68.0494239486665
ITA,2008,67.9071958431441
ITA,2007,67.7857771296669
ITA,2006,67.6812550714834
ITA,2005,67.5897169318419
ITA,2004,67.5072499739908
ITA,2003,67.4299414611787
ITA,2002,67.3538786566538
ITA,2001,67.27519882288
ITA,2000,67.1932283786243
JAM,2020,57.1103647563627
JAM,2019,56.6957957395074
JAM,2018,56.297410990325
JAM,2017,55.9152267548307
JAM,2016,55.549259277615
JAM,2015,55.1995248014924
JAM,2014,54.8660395670395
JAM,2013,54.548819811983
JAM,2012,54.2478817703732
JAM,2011,53.956586109128
JAM,2010,53.7535679480806
JAM,2009,53.5618180258738
JAM,2008,53.3674108497524
JAM,2007,53.1703742191887
JAM,2006,52.9707359336549
JAM,2005,52.7685237926234
JAM,2004,52.5637655955662
JAM,2003,52.3564891419558
JAM,2002,52.1467222312645
JAM,2001,51.934190578424
JAM,2000,51.7165550768252
JPN,2020,91.7809926267889
JPN,2019,91.7164207898107
JPN,2018,91.6377318609728
JPN,2017,91.5498419685883
JPN,2016,91.4541254852142
JPN,2015,91.3532644103625
JPN,2014,91.2548945132333
JPN,2013,91.1516595654317
JPN,2012,91.0265277326652
JPN,2011,90.8631654434251
JPN,2010,90.6228586840649
JPN,2009,90.1131158718189
JPN,2008,89.2921563808851
JPN,2007,88.2701404492656
JPN,2006,87.1460898958075
JPN,2005,85.9573620483714
JPN,2004,84.3710541898905
JPN,2003,82.4206778416671
JPN,2002,80.5469860733981
JPN,2001,79.1577482060887
JPN,2000,78.6126803295375
JOR,2020,91.8216722992319
JOR,2019,91.515966492507
JOR,2018,91.2008859099729
JOR,2017,90.8764609714428
JOR,2016,90.56272794707
JOR,2015,89.8881391939133
JOR,2014,88.0371754329978
JOR,2013,86.4627110188335
JOR,2012,84.9592629639423
JOR,2011,83.5505043825064
JOR,2010,82.2601083887084
JOR,2009,81.1117480967305
JOR,2008,80.1290966207551
JOR,2007,79.3358270749644
JOR,2006,78.755612573541
JOR,2005,78.412126230667
JOR,2004,78.3185350370311
JOR,2003,78.3069420335538
JOR,2002,78.2972918926847
JOR,2001,78.2902365290261
JOR,2000,78.2848247546539
KAZ,2020,59.9871193541692
KAZ,2019,59.0832474269546
KAZ,2018,58.2388038921695
KAZ,2017,57.4586448748837
KAZ,2016,56.7476265001667
KAZ,2015,56.1106048930882
KAZ,2014,55.5524361787178
KAZ,2013,55.0779764821252
KAZ,2012,54.69208192838
KAZ,2011,54.3996086425518
KAZ,2010,54.2054127497102
KAZ,2009,54.1167144748885
KAZ,2008,54.1287736358813
KAZ,2007,54.2346203341799
KAZ,2006,54.4137278108953
KAZ,2005,54.6481873472392
KAZ,2004,54.9200902244233
KAZ,2003,55.2115277236592
KAZ,2002,55.5045911261585
KAZ,2001,55.7813717131331
KAZ,2000,56.0239607657944
KEN,2020,31.2063494632616
KEN,2019,31.1895566421135
KEN,2018,31.3940041639796
KEN,2017,31.5383650847102
KEN,2016,31.6502520105647
KEN,2015,31.7338026039958
KEN,2014,31.7931545274563
KEN,2013,31.8324454433988
KEN,2012,31.8558130142761
KEN,2011,31.8673949025409
KEN,2010,31.8713287706458
KEN,2009,31.8603086707305
KEN,2008,31.4230276259143
KEN,2007,30.4153861196239
KEN,2006,28.9830768551925
KEN,2005,27.2686745625048
KEN,2004,25.4147539714454
KEN,2003,23.563889811899
KEN,2002,21.8586568137501
KEN,2001,20.4416297068833
KEN,2000,19.4553832211834
KIR,2020,58.4123714112748
KIR,2019,56.2846727145489
KIR,2018,54.5004023142497
KIR,2017,52.9734697275451
KIR,2016,51.7710553002321
KIR,2015,50.9541970402064
KIR,2014,50.3909308922385
KIR,2013,49.9687043258795
KIR,2012,49.5800786695548
KIR,2011,49.1228169536795
KIR,2010,48.4603839564718
KIR,2009,47.3510238975116
KIR,2008,45.9461325515373
KIR,2007,44.6212141757087
KIR,2006,43.7349826427011
KIR,2005,43.5443274444527
KIR,2004,43.5238025326975
KIR,2003,43.510668313316
KIR,2002,43.4985457088421
KIR,2001,43.4777440627131
KIR,2000,43.3274808848011
KWT,2020,100.0
KWT,2019,100.0
KWT,2018,100.0
KWT,2017,100.0
KWT,2016,100.0
KWT,2015,100.0
KWT,2014,100.0
KWT,2013,100.0
KWT,2012,100.0
KWT,2011,100.0
KWT,2010,100.0
KWT,2009,100.0
KWT,2008,100.0
KWT,2007,100.0
KWT,2006,100.0
KWT,2005,100.0
KWT,2004,99.94716743531
KWT,2003,99.7655794280652
KWT,2002,99.5090276880805
KWT,2001,99.2347539628831
KWT,2000,99.0
KGZ,2020,34.8174315392111
KGZ,2019,34.8805205758044
KGZ,2018,34.9408997219466
KGZ,2017,34.9980805726839
KGZ,2016,35.0515747230627
KGZ,2015,35.1008937681291
KGZ,2014,35.1455493029297
KGZ,2013,35.1850529225105
KGZ,2012,35.218916221918
KGZ,2011,35.2466507961984
KGZ,2010,35.267768240398
KGZ,2009,35.2815523593591
KGZ,2008,35.2897130588983
KGZ,2007,35.2954926466692
KGZ,2006,35.2997926803498
KGZ,2005,35.3030968124082
KGZ,2004,35.3058886953128
KGZ,2003,35.3086519815317
KGZ,2002,35.3118703235333
KGZ,2001,35.3160273737858
KGZ,2000,35.3216067847574
LVA,2020,68.1211222872228
LVA,2019,68.066323694246
LVA,2018,68.0160346376376
LVA,2017,67.9706866054779
LVA,2016,67.9307110858472
LVA,2015,67.8965395668259
LVA,2014,67.8686035364944
LVA,2013,67.847334482933
LVA,2012,67.8331638942219
LVA,2011,67.8266897008267
LVA,2010,67.8270681752453
LVA,2009,67.8323653539295
LVA,2008,67.8420335208058
LVA,2007,67.8558853865191
LVA,2006,67.873733661714
LVA,2005,67.8953910570353
LVA,2004,67.9206702831277
LVA,2003,67.9493840506358
LVA,2002,67.9813450702046
LVA,2001,68.0163660524785
LVA,2000,68.0520561441955
LBN,2020,89.729499798117
LBN,2019,89.4986743521503
LBN,2018,89.272833088641
LBN,2017,89.0519233886895
LBN,2016,88.835892633396
LBN,2015,88.6246882038608
LBN,2014,88.4182574811842
LBN,2013,88.2165478464663
LBN,2012,88.0195066808075
LBN,2011,87.8270813653079
LBN,2010,87.6392192810679
LBN,2009,87.4558678091878
LBN,2008,87.2769743307677
LBN,2007,87.1024862269079
LBN,2006,86.9323508787087
LBN,2005,86.7665156672703
LBN,2004,86.6049279736931
LBN,2003,86.4475351790771
LBN,2002,86.2942846645228
LBN,2001,86.1451238111303
LBN,2000,86.0
LSO,2020,39.6329305425532
LSO,2019,38.6040920446259
LSO,2018,37.569092747415
LSO,2017,36.5283648068846
LSO,2016,35.5077950709441
LSO,2015,34.0903875831861
LSO,2014,32.6404409096604
LSO,2013,31.2407460933407
LSO,2012,29.8970340055453
LSO,2011,28.6150355175921
LSO,2010,27.4004815007995
LSO,2009,26.2591028264855
LSO,2008,25.1966303659683
LSO,2007,24.2187949905661
LSO,2006,23.3329886243114
LSO,2005,22.5317981562788
LSO,2004,21.7993659097494
LSO,2003,21.1231084926925
LSO,2002,20.4926272688562
LSO,2001,19.8975236019886
LSO,2000,19.3273988558381
LBR,2020,53.3878685572381
LBR,2019,52.85526226447
LBR,2018,52.3245795497906
LBR,2017,51.7957569553849
LBR,2016,51.2687310234384
LBR,2015,50.7434382961363
LBR,2014,50.2198153156642
LBR,2013,49.6977986242077
LBR,2012,49.1773247639526
LBR,2011,48.6583302770849
LBR,2010,48.1407517057907
LBR,2009,47.6245255922562
LBR,2008,47.1080497871025
LBR,2007,46.6104850769043
LBR,2006,46.2322959899902
LBR,2005,45.8510093035277
LBR,2004,45.4344781497244
LBR,2003,45.0004573003041
LBR,2002,44.566701526991
LBR,2001,44.1509656015089
LBR,2000,43.7710042955819
LBY,2020,87.8278267096263
LBY,2019,87.8220115209342
LBY,2018,87.818484275334
LBY,2017,87.8166729870528
LBY,2016,87.8160056703177
LBY,2015,87.8159103393555
LBY,2014,88.0142059326172
LBY,2013,88.0451431274414
LBY,2012,88.0727920532227
LBY,2011,88.0970458984375
LBY,2010,88.1177139282227
LBY,2009,88.1345825195312
LBY,2008,88.1474456787109
LBY,2007,88.1560287475586
LBY,2006,88.1599560242948
LBY,2005,88.135773324416
LBY,2004,88.0371675280346
LBY,2003,87.8659880500458
LBY,2002,87.6256192750746
LBY,2001,87.3194455877457
LBY,2000,86.9508513726842
LTU,2020,67.4254608154297
LTU,2019,67.245735168457
LTU,2018,67.1464742010457
LTU,2017,67.1012954711914
LTU,2016,67.1894226074219
LTU,2015,67.2282485961914
LTU,2014,67.1514937628023
LTU,2013,67.0092086791992
LTU,2012,66.8536758422852
LTU,2011,66.7518340055756
LTU,2010,66.7712860107422
LTU,2009,66.7816619873047
LTU,2008,66.7527770996094
LTU,2007,66.7184982299805
LTU,2006,66.6381530761719
LTU,2005,66.5784912109375
LTU,2004,66.6022567749023
LTU,2003,66.7596664428711
LTU,2002,66.8887100219727
LTU,2001,66.9286097501613
LTU,2000,66.9768374826555
LUX,2020,93.8600689970981
LUX,2019,93.2589839734767
LUX,2018,92.6709441899184
LUX,2017,92.0963768119916
LUX,2016,91.5357090052649
LUX,2015,90.9893679353068
LUX,2014,90.4577807676859
LUX,2013,89.9413746679705
LUX,2012,89.4405768017292
LUX,2011,88.9562814837254
LUX,2010,88.48791681658
LUX,2009,88.0379076027949
LUX,2008,87.6037664162874
LUX,2007,87.1831946460401
LUX,2006,86.7738936810355
LUX,2005,86.3735649102561
LUX,2004,85.9799097226846
LUX,2003,85.5906295073034
LUX,2002,85.203425653095
LUX,2001,84.8173254067976
LUX,2000,84.4182155177842
MDG,2020,30.7019474167548
MDG,2019,30.3046972370204
MDG,2018,29.9181125346909
MDG,2017,29.671033028335
MDG,2016,29.4239466316878
MDG,2015,29.1731079210354
MDG,2014,28.9185894345838
MDG,2013,28.6604637105393
MDG,2012,28.3988032871081
MDG,2011,28.1336807024963
MDG,2010,27.8651684949103
MDG,2009,27.5933392025561
MDG,2008,27.31826536364
MDG,2007,27.0400195163682
MDG,2006,26.7586741989468
MDG,2005,26.4743019495822
MDG,2004,26.1869753064804
MDG,2003,25.8967668078478
MDG,2002,25.6037489918904
MDG,2001,25.3079943968146
MDG,2000,25.0095755608264
MWI,2020,16.2961471756409
MWI,2019,16.1383746619001
MWI,2018,16.0221486554255
MWI,2017,15.9634281867266
MWI,2016,15.899632938282
MWI,2015,15.8338504946918
MWI,2014,15.766154187056
MWI,2013,15.6966173464742
MWI,2012,15.6253133040464
MWI,2011,15.5523153908723
MWI,2010,15.4776969380518
MWI,2009,15.4015312766848
MWI,2008,15.3238029928378
MWI,2007,15.2477960727861
MWI,2006,15.1753987017157
MWI,2005,15.1041793656241
MWI,2004,15.0316039821946
MWI,2003,14.9551384691108
MWI,2002,14.8722487440558
MWI,2001,14.780400724713
MWI,2000,14.6770603287659
MYS,2020,75.0511895575672
MYS,2019,74.8377707734042
MYS,2018,74.5634625145296
MYS,2017,74.2354806421432
MYS,2016,73.8588978909614
MYS,2015,73.4387869957006
MYS,2014,72.9802206910773
MYS,2013,72.4882717118078
MYS,2012,71.9680127926087
MYS,2011,71.4245166681964
MYS,2010,70.8625314831025
MYS,2009,70.2462628363839
MYS,2008,69.5438130147565
MYS,2007,68.7649673902807
MYS,2006,67.9191992840997
MYS,2005,67.0159820173565
MYS,2004,66.0647889111941
MYS,2003,65.0750932867555
MYS,2002,64.056368465184
MYS,2001,63.0180877676224
MYS,2000,61.9694564490726
MDV,2020,40.3985147902839
MDV,2019,40.0492764783282
MDV,2018,39.6923354428279
MDV,2017,39.32787719143
MDV,2016,38.9560872317815
MDV,2015,38.5771510715291
MDV,2014,38.1938859868107
MDV,2013,37.8257075155926
MDV,2012,37.475963433544
MDV,2011,37.1274623517731
MDV,2010,36.7646137762553
MDV,2009,36.3718272129661
MDV,2008,35.9335121678807
MDV,2007,35.4340781469745
MDV,2006,34.8678636610379
MDV,2005,34.0715178283824
MDV,2004,32.8541942827704
MDV,2003,31.3913356462169
MDV,2002,29.8881681908815
MDV,2001,28.5499181889238
MDV,2000,27.6038586493758
MLI,2020,29.0205972994693
MLI,2019,28.3520715749509
MLI,2018,27.6999185916288
MLI,2017,27.0646702892896
MLI,2016,26.4468586077195
MLI,2015,25.847015486705
MLI,2014,25.2656728660325
MLI,2013,24.7033626854883
MLI,2012,24.1606168848588
MLI,2011,23.6379674039304
MLI,2010,23.1359461824894
MLI,2009,22.6557955217884
MLI,2008,22.1922849560871
MLI,2007,21.7398043631622
MLI,2006,21.2987608960246
MLI,2005,20.8706715422205
MLI,2004,20.4570532892964
MLI,2003,20.0594231247985
MLI,2002,19.6792980362731
MLI,2001,19.3181950112665
MLI,2000,18.977631037325
MLT,2020,95.1841082280263
MLT,2019,94.9332032524644
MLT,2018,94.7242373261706
MLT,2017,94.5691806330314
MLT,2016,94.4800033569336
MLT,2015,94.4387696268011
MLT,2014,94.412512773898
MLT,2013,94.3906567856206
MLT,2012,94.3626256493653
MLT,2011,94.3155916422812
MLT,2010,94.2412435620154
MLT,2009,94.1423744490362
MLT,2008,94.0294765354989
MLT,2007,93.9118231189546
MLT,2006,93.7986874969541
MLT,2005,93.6985189936163
MLT,2004,93.6081858790552
MLT,2003,93.5241031580205
MLT,2002,93.4431095912187
MLT,2001,93.3621924014528
MLT,2000,93.278338811526
MRT,2020,56.9836701058893
MRT,2019,56.0596215779146
MRT,2018,55.1305077000081
MRT,2017,54.1970448502004
MRT,2016,52.9185627319946
MRT,2015,51.6680350049622
MRT,2014,50.4694791226856
MRT,2013,49.3553973225913
MRT,2012,48.2732447351525
MRT,2011,47.1350407023691
MRT,2010,45.9541923109942
MRT,2009,44.7591814741371
MRT,2008,43.5784901049073
MRT,2007,42.4406001164139
MRT,2006,41.3739934217664
MRT,2005,40.407151934074
MRT,2004,39.5685575664461
MRT,2003,38.8866922319919
MRT,2002,38.3900378438208
MRT,2001,38.1070763150421
MRT,2000,38.0555858542174
MUS,2020,39.1607039074325
MUS,2019,39.2509492806955
MUS,2018,39.3474905591359
MUS,2017,39.4499348663789
MUS,2016,39.5578893260494
MUS,2015,39.6709610617726
MUS,2014,39.7887571971735
MUS,2013,39.9108848558771
MUS,2012,40.0369511615085
MUS,2011,40.1665923228716
MUS,2010,40.3046131827718
MUS,2009,40.4548202346069
MUS,2008,40.6154231740954
MUS,2007,40.7846600109183
MUS,2006,40.9607687547567
MUS,2005,41.1419874152917
MUS,2004,41.3265540022042
MUS,2003,41.5127065251754
MUS,2002,41.6986829938864
MUS,2001,41.8827214180181
MUS,2000,42.063123063288
MEX,2020,78.677960602824
MEX,2019,78.355984332992
MEX,2018,78.0271223924494
MEX,2017,77.7206924598541
MEX,2016,77.4405087351486
MEX,2015,77.1903854182753
MEX,2014,76.9741367091766
MEX,2013,76.7955768077952
MEX,2012,76.6585199140734
MEX,2011,76.5667802279537
MEX,2010,76.5244441414713
MEX,2009,76.5143930040295
MEX,2008,76.5090428271033
MEX,2007,76.5047326234761
MEX,2006,76.4982455683657
MEX,2005,76.4748624380269
MEX,2004,76.3274397419019
MEX,2003,76.046170340551
MEX,2002,75.6840752828994
MEX,2001,75.2907557567987
MEX,2000,74.9203113970256
MNG,2020,68.0894771770775
MNG,2019,67.8277299551557
MNG,2018,67.8683444833372
MNG,2017,67.9260583223672
MNG,2016,67.9776754820979
MNG,2015,67.9999999906095
MNG,2014,67.9941357229626
MNG,2013,67.9776750055915
MNG,2012,67.9522782537785
MNG,2011,67.9196058798676
MNG,2010,67.8298018313254
MNG,2009,67.3659050254095
MNG,2008,66.4693095486742
MNG,2007,65.2590695004873
MNG,2006,63.8388366340039
MNG,2005,62.3122627023789
MNG,2004,60.7829994587671
MNG,2003,59.3546986563236
MNG,2002,58.1310120482033
MNG,2001,57.2155913875612
MNG,2000,56.7305447074496
MNE,2020,65.2490688418027
MNE,2019,65.1686759904159
MNE,2018,65.0854068937869
MNE,2017,64.9992438680584
MNE,2016,64.9101692293409
MNE,2015,64.8181652937171
MNE,2014,64.7232143772459
MNE,2013,64.6252987959653
MNE,2012,64.5244008658951
MNE,2011,64.4210914835811
MNE,2010,64.3069625751293
MNE,2009,64.1131468872325
MNE,2008,63.8414387962647
MNE,2007,63.5035790981749
MNE,2006,63.111308588912
MNE,2005,62.6763680644251
MNE,2004,62.210498320663
MNE,2003,61.6986616237464
MNE,2002,61.0261817231895
MNE,2001,60.1387879596705
MNE,2000,59.0899260145706
MAR,2020,62.0933436005366
MAR,2019,61.8430450233765
MAR,2018,61.5695822753314
MAR,2017,61.2761057031842
MAR,2016,60.9657656537179
MAR,2015,60.6417124737154
MAR,2014,60.3030486171654
MAR,2013,59.9083499302469
MAR,2012,59.4348555979895
MAR,2011,58.902576690412
MAR,2010,58.3287516486646
MAR,2009,57.7306189138977
MAR,2008,57.1254169272616
MAR,2007,56.5303841299064
MAR,2006,55.9627589629824
MAR,2005,55.4397798676399
MAR,2004,54.9787569660869
MAR,2003,54.5782811140771
MAR,2002,54.222745830177
MAR,2001,53.8972613497219
MAR,2000,53.58724711125
MOZ,2020,33.9044006416285
MOZ,2019,33.4177241517032
MOZ,2018,32.9902559073541
MOZ,2017,32.6274411492675
MOZ,2016,32.3819234395234
MOZ,2015,32.1372836259918
MOZ,2014,31.8972245802342
MOZ,2013,31.6619153976179
MOZ,2012,31.4315251735105
MOZ,2011,31.2062230032794
MOZ,2010,30.9861779822921
MOZ,2009,30.7715592059159
MOZ,2008,30.5625357695184
MOZ,2007,30.3598131347122
MOZ,2006,30.1740801725307
MOZ,2005,30.0098613217248
MOZ,2004,29.8592114813982
MOZ,2003,29.7146340268639
MOZ,2002,29.5686323334348
MOZ,2001,29.4137097764239
MOZ,2000,29.2423697311441
MMR,2020,30.1593049968842
MMR,2019,30.0782436945232
MMR,2018,29.993574050729
MMR,2017,29.9051727703437
MMR,2016,29.8129165582094
MMR,2015,29.7166821191682
MMR,2014,29.6164342116462
MMR,2013,29.5103946237239
MMR,2012,29.3956289363345
MMR,2011,29.2724765136213
MMR,2010,29.1415329218024
MMR,2009,29.0033937270962
MMR,2008,28.8586544957208
MMR,2007,28.7079107938945
MMR,2006,28.5517581878355
MMR,2005,28.390792243762
MMR,2004,28.2256085278922
MMR,2003,28.0568026064444
MMR,2002,27.8849700456368
MMR,2001,27.7107064116875
MMR,2000,27.5346072708149
NAM,2020,48.547381745659
NAM,2019,48.0019807724839
NAM,2018,47.4232814423189
NAM,2017,46.8135799686288
NAM,2016,46.1751725648784
NAM,2015,45.5103554445325
NAM,2014,44.8214248210559
NAM,2013,44.1106769079132
NAM,2012,43.3804079185694
NAM,2011,42.6276075621535
NAM,2010,41.7946176561991
NAM,2009,40.8524900328246
NAM,2008,39.8328120256318
NAM,2007,38.763436210037
NAM,2006,37.6722151614564
NAM,2005,36.5870014553064
NAM,2004,35.5356476670033
NAM,2003,34.5460063719633
NAM,2002,33.6459301456028
NAM,2001,32.8575058425719
NAM,2000,32.1168956399877
NRU,2020,100
NRU,2019,100
NRU,2018,100
NRU,2017,100
NRU,2016,100
NRU,2015,100
NRU,2014,100
NRU,2013,100
NRU,2012,100
NRU,2011,100
NRU,2010,100
NRU,2009,100
NRU,2008,100
NRU,2007,100
NRU,2006,100
NRU,2005,100
NRU,2004,100
NRU,2003,100
NRU,2002,100
NRU,2001,100
NRU,2000,100
NPL,2020,66.1050886088505
NPL,2019,65.9873929484157
NPL,2018,65.8104229225551
NPL,2017,65.5768928085184
NPL,2016,65.2895168835553
NPL,2015,64.9510094249155
NPL,2014,64.5640847098488
NPL,2013,64.1314570156048
NPL,2012,63.6558406194333
NPL,2011,63.139949798584
NPL,2010,62.0156581578338
NPL,2009,59.8638612146309
NPL,2008,56.9108061152324
NPL,2007,53.3827400058951
NPL,2006,49.5059100328759
NPL,2005,45.5065633424317
NPL,2004,41.6109470808194
NPL,2003,38.045308394296
NPL,2002,35.0358944291182
NPL,2001,32.808952331543
NPL,2000,31.0994241803849
NLD,2020,94.2532277765935
NLD,2019,93.8898028856479
NLD,2018,92.6062472401044
NLD,2017,91.1219700676602
NLD,2016,90.5803239452777
NLD,2015,90.2787737214621
NLD,2014,89.8364787097165
NLD,2013,89.1749992370605
NLD,2012,88.5342462391333
NLD,2011,88.0059204972573
NLD,2010,87.3502790247129
NLD,2009,86.2223179632671
NLD,2008,85.6149582464487
NLD,2007,85.4089231499726
NLD,2006,84.6532280358545
NLD,2005,83.5048949725161
NLD,2004,82.250953139759
NLD,2003,81.3011308878582
NLD,2002,80.8085275226169
NLD,2001,80.1840578652121
NLD,2000,78.4826828427081
NCL,2020,67.2747261065933
NCL,2019,67.1574673707832
NCL,2018,67.0588809757675
NCL,2017,66.9683393293094
NCL,2016,66.8902054658406
NCL,2015,66.8278045547803
NCL,2014,66.7846387072769
NCL,2013,66.7584127864925
NCL,2012,66.7417059914448
NCL,2011,66.726209122213
NCL,2010,66.703836218007
NCL,2009,66.6631859586932
NCL,2008,66.3257509774158
NCL,2007,65.6204802173329
NCL,2006,64.7508025811084
NCL,2005,63.918391040144
NCL,2004,63.3117500793361
NCL,2003,62.8540725422625
NCL,2002,62.4118035339378
NCL,2001,61.9960127034469
NCL,2000,61.6103287085477
NZL,2020,83.8138977095908
NZL,2019,83.804965871667
NZL,2018,83.8017846685577
NZL,2017,84.1701025874108
NZL,2016,84.691365594
NZL,2015,85.1518763760531
NZL,2014,85.5076659530411
NZL,2013,85.7080129786455
NZL,2012,85.777700676896
NZL,2011,85.8233151875134
NZL,2010,85.8614043258228
NZL,2009,85.8918345477824
NZL,2008,85.9144723093505
NZL,2007,85.9291840664852
NZL,2006,85.9356841665703
NZL,2005,85.9299325780946
NZL,2004,85.9017708294597
NZL,2003,85.857962055807
NZL,2002,85.8061578183401
NZL,2001,85.7545174444303
NZL,2000,85.7059660456056
NIC,2020,58.7045922689128
NIC,2019,58.5405671448072
NIC,2018,58.3683858659405
NIC,2017,58.1892567408822
NIC,2016,58.0043880782023
NIC,2015,57.8149881864705
NIC,2014,57.6222653742564
NIC,2013,57.4274279501299
NIC,2012,57.2316842226606
NIC,2011,57.0362425004184
NIC,2010,56.842311091973
NIC,2009,56.651098305894
NIC,2008,56.4638124507513
NIC,2007,56.2816618351146
NIC,2006,56.1058547675536
NIC,2005,55.9375480421093
NIC,2004,55.7791779253789
NIC,2003,55.6308042935869
NIC,2002,55.4894961947237
NIC,2001,55.3522521763064
NIC,2000,55.2160707858522
NER,2020,17.0081420003794
NER,2019,16.813146499685
NER,2018,16.6449011799221
NER,2017,16.5036987906896
NER,2016,16.3898280543236
NER,2015,16.3035606587493
NER,2014,16.2450424611665
NER,2013,16.2162595696064
NER,2012,16.2141284004355
NER,2011,16.2303066053496
NER,2010,16.2416301279116
NER,2009,16.2511180003032
NER,2008,16.2586706998252
NER,2007,16.2641887037781
NER,2006,16.2675724894628
NER,2005,16.2687225341797
NER,2004,16.2687225341797
NER,2003,16.2687225341797
NER,2002,16.2687206268311
NER,2001,16.2687225341797
NER,2000,16.1307678222656
NGA,2020,59.7659654848781
NGA,2019,58.9611186427056
NGA,2018,58.1553347527729
NGA,2017,57.3486345560101
NGA,2016,56.541038793347
NGA,2015,55.7325682057138
NGA,2014,54.9232435340404
NGA,2013,54.1130855192568
NGA,2012,53.302114902293
NGA,2011,52.490352424079
NGA,2010,51.6778188255446
NGA,2009,50.86453484762
NGA,2008,50.0505212312351
NGA,2007,49.2357987173198
NGA,2006,48.424271994461
NGA,2005,47.5656414756863
NGA,2004,46.6994804889599
NGA,2003,45.8372080921761
NGA,2002,44.9793025536893
NGA,2001,44.1262421418539
NGA,2000,43.2785051250243
MKD,2020,61.1593302746435
MKD,2019,60.6286848102132
MKD,2018,60.1580316016216
MKD,2017,59.7437719356273
MKD,2016,59.3823070989891
MKD,2015,59.0700383784659
MKD,2014,58.8033670608162
MKD,2013,58.578694432799
MKD,2012,58.3924217811729
MKD,2011,58.2409503926967
MKD,2010,58.1206815541291
MKD,2009,58.0280165522288
MKD,2008,57.9593566737547
MKD,2007,57.9111032054655
MKD,2006,57.8796574341199
MKD,2005,57.8614206464767
MKD,2004,57.8527941292946
MKD,2003,57.8501791693323
MKD,2002,57.8726144171205
MKD,2001,58.0943199277127
MKD,2000,58.4918382392587
NOR,2020,82.7029885700532
NOR,2019,82.4935894878281
NOR,2018,82.2452112401723
NOR,2017,81.9699745912375
NOR,2016,81.6800003051758
NOR,2015,81.2378240971353
NOR,2014,80.6117159535579
NOR,2013,79.9723980455359
NOR,2012,79.4905925441617
NOR,2011,79.311620451463
NOR,2010,79.245002746582
NOR,2009,79.0570820210427
NOR,2008,78.7541006020666
NOR,2007,78.4072502632828
NOR,2006,78.0877227783203
NOR,2005,77.8260148882032
NOR,2004,77.5684593888498
NOR,2003,77.2600021362305
NOR,2002,76.7955442460288
NOR,2001,76.3958619273785
NOR,2000,76.1338922449534
OMN,2020,80.0176378922722
OMN,2019,79.5780017545962
OMN,2018,78.9655839720276
OMN,2017,78.3142260040136
OMN,2016,77.7521362304688
OMN,2015,77.3025363037955
OMN,2014,76.8892576748951
OMN,2013,76.4914234214313
OMN,2012,76.088156621068
OMN,2011,75.6585803514688
OMN,2010,75.1579724666274
OMN,2009,74.5338635149003
OMN,2008,73.807772368029
OMN,2007,73.0679250158092
OMN,2006,72.3920261203777
OMN,2005,71.8577803438712
OMN,2004,71.5428923484265
OMN,2003,71.4926171971641
OMN,2002,71.5013318111475
OMN,2001,71.5179623016414
OMN,2000,71.5400835229196
PAK,2020,37.5080192948099
PAK,2019,37.1091631735769
PAK,2018,36.7478511550359
PAK,2017,36.4351548223399
PAK,2016,36.1597184900333
PAK,2015,35.9017325715342
PAK,2014,35.6595549759128
PAK,2013,35.4315352494366
PAK,2012,35.2160229383731
PAK,2011,35.0113675889897
PAK,2010,34.8159187475539
PAK,2009,34.6280259603331
PAK,2008,34.4460387735948
PAK,2007,34.2683067336065
PAK,2006,34.0931793866356
PAK,2005,33.9190062789495
PAK,2004,33.7441369568158
PAK,2003,33.5669209665019
PAK,2002,33.3857078542752
PAK,2001,33.1988471664032
PAK,2000,33.0046884491535
PAN,2020,65.7862999591993
PAN,2019,65.752985396379
PAN,2018,65.7099285144924
PAN,2017,65.6577712475758
PAN,2016,65.5971555296656
PAN,2015,65.5287232947981
PAN,2014,65.4531164770096
PAN,2013,65.3709770103365
PAN,2012,65.2829468288151
PAN,2011,65.1896678664818
PAN,2010,65.0926097647906
PAN,2009,64.9730405510737
PAN,2008,64.8088713516952
PAN,2007,64.6019807394311
PAN,2006,64.355408255933
PAN,2005,64.0721934428526
PAN,2004,63.7553758418416
PAN,2003,63.4079949945516
PAN,2002,63.0330904426342
PAN,2001,62.6337017277411
PAN,2000,62.2165370013582
PNG,2020,14.1703677185729
PNG,2019,13.9278267446947
PNG,2018,13.7125720532162
PNG,2017,13.5249644881888
PNG,2016,13.3653651942392
PNG,2015,13.2341359836319
PNG,2014,13.1316404025265
PNG,2013,13.0582475733094
PNG,2012,13.0143796071362
PNG,2011,13.0000025015364
PNG,2010,13.0021920069407
PNG,2009,13.008427139986
PNG,2008,13.0185611592166
PNG,2007,13.0324481284965
PNG,2006,13.04994211169
PNG,2005,13.0708971726612
PNG,2004,13.0951673752744
PNG,2003,13.1226067833938
PNG,2002,13.1530694608835
PNG,2001,13.1864094716078
PNG,2000,13.2228772276955
PRY,2020,66.116520986009
PRY,2019,64.9845298299929
PRY,2018,63.9248988239553
PRY,2017,62.9526389826574
PRY,2016,62.0827613208606
PRY,2015,61.3302768533263
PRY,2014,60.7101965948157
PRY,2013,60.2375315600901
PRY,2012,59.9212909454702
PRY,2011,59.693499539898
PRY,2010,59.5122792618786
PRY,2009,59.3666109432844
PRY,2008,59.2442256780564
PRY,2007,59.1328545601355
PRY,2006,59.0202286834627
PRY,2005,58.894079141979
PRY,2004,58.7421370296254
PRY,2003,58.5521334403429
PRY,2002,58.3089732866691
PRY,2001,57.9686577349574
PRY,2000,57.5141169408231
PER,2020,83.5267437189637
PER,2019,83.1033003087105
PER,2018,82.6854929960921
PER,2017,82.1931650502403
PER,2016,81.4192362241943
PER,2015,80.698277662669
PER,2014,79.9945465682649
PER,2013,79.3105527820586
PER,2012,78.6488061451268
PER,2011,78.0118164985462
PER,2010,77.4020936833934
PER,2009,76.822147540745
PER,2008,76.2744879116779
PER,2007,75.7615250588738
PER,2006,75.2766672012397
PER,2005,74.8162354830832
PER,2004,74.3769516383133
PER,2003,73.9558750733136
PER,2002,73.5500651944675
PER,2001,73.1565814081586
PER,2000,72.7724831207703
PHL,2020,54.1077719895977
PHL,2019,53.7157859948017
PHL,2018,53.2088897464754
PHL,2017,52.6010482354344
PHL,2016,51.9114748151175
PHL,2015,51.1549047745227
PHL,2014,50.2392400212368
PHL,2013,49.1313688766206
PHL,2012,47.9182784810426
PHL,2011,46.6833632464759
PHL,2010,45.5208176726647
PHL,2009,44.3356772609527
PHL,2008,43.1547492407016
PHL,2007,42.3470499959497
PHL,2006,41.8308558715226
PHL,2005,41.3297701258519
PHL,2004,40.8507057988121
PHL,2003,40.3928506135438
PHL,2002,39.9553922931877
PHL,2001,39.5375185608843
PHL,2000,39.1384171397742
POL,2020,59.8738141138092
POL,2019,59.9626184068963
POL,2018,60.0533306480907
POL,2017,60.145888199417
POL,2016,60.2402284228997
POL,2015,60.3362886805635
POL,2014,60.4340063344328
POL,2013,60.5333187465323
POL,2012,60.6341632788866
POL,2011,60.7357090652544
POL,2010,60.8474783987677
POL,2009,60.9800753477
POL,2008,61.1258760375274
POL,2007,61.2756005207604
POL,2006,61.4199688499096
POL,2005,61.5497010774856
POL,2004,61.6555172559989
POL,2003,61.7281374379602
POL,2002,61.7581534555696
POL,2001,61.7557708646056
POL,2000,61.7459160613903
PRT,2020,61.1042566768691
PRT,2019,61.114927250613
PRT,2018,61.1233069673808
PRT,2017,61.1296726507436
PRT,2016,61.1343011242723
PRT,2015,61.137469211538
PRT,2014,61.1394537361116
PRT,2013,61.1405315215642
PRT,2012,61.1409793914666
PRT,2011,61.1410698395502
PRT,2010,61.0788867241731
PRT,2009,60.8066368745822
PRT,2008,60.3510029424595
PRT,2007,59.7481128966109
PRT,2006,59.0340947058419
PRT,2005,58.2450763389585
PRT,2004,57.4171857647664
PRT,2003,56.5865509520713
PRT,2002,55.789299869679
PRT,2001,55.0679833009212
PRT,2000,54.4051635389142
PRI,2020,94.0116144995587
PRI,2019,93.9519912222253
PRI,2018,93.8986961132283
PRI,2017,93.8561953815964
PRI,2016,93.8232738004303
PRI,2015,93.7987161428303
PRI,2014,93.7813071818968
PRI,2013,93.7698316907305
PRI,2012,93.7630744424317
PRI,2011,93.7598202101009
PRI,2010,93.7588772214391
PRI,2009,93.7692762093964
PRI,2008,93.8114589079331
PRI,2007,93.8788197135489
PRI,2006,93.9636036518786
PRI,2005,94.058055748557
PRI,2004,94.1544210292187
PRI,2003,94.2449445194985
PRI,2002,94.3218712450313
PRI,2001,94.3774462314518
PRI,2000,94.4035182032107
QAT,2020,99.1617913833034
QAT,2019,99.1191696672067
QAT,2018,99.0755684762244
QAT,2017,99.0310125265978
QAT,2016,98.9855265345423
QAT,2015,98.9382407681154
QAT,2014,98.901627838826
QAT,2013,98.8357621827901
QAT,2012,98.7428010471968
QAT,2011,98.6300610210909
QAT,2010,98.5066232166665
QAT,2009,98.3494885340955
QAT,2008,98.1295193937322
QAT,2007,97.8663125111735
QAT,2006,97.5827378795062
QAT,2005,97.3016654918171
QAT,2004,97.0472579559041
QAT,2003,96.8311182064009
QAT,2002,96.6424497593905
QAT,2001,96.4674307551724
QAT,2000,96.2942718926638
ROU,2020,52.611947245178
ROU,2019,52.8931835224862
ROU,2018,53.1445711571868
ROU,2017,53.3648643239046
ROU,2016,53.5528171972639
ROU,2015,53.7071839518893
ROU,2014,53.8267187624053
ROU,2013,53.9101758034365
ROU,2012,53.9563092496073
ROU,2011,53.9608874244169
ROU,2010,53.9038227941329
ROU,2009,53.7875150259042
ROU,2008,53.6297858153706
ROU,2007,53.4472789126416
ROU,2006,53.2566380678272
ROU,2005,53.074507031037
ROU,2004,52.9175295523808
ROU,2003,52.8023493819682
ROU,2002,52.7466427937759
ROU,2001,52.764808691157
ROU,2000,52.8619549004535
RWA,2020,24.5029761132966
RWA,2019,22.9711026997362
RWA,2018,21.5418444579064
RWA,2017,20.2477568101111
RWA,2016,19.1213951786548
RWA,2015,18.1953149858416
RWA,2014,17.5020716539756
RWA,2013,17.0742206053612
RWA,2012,16.9410248882148
RWA,2011,16.9323586881273
RWA,2010,16.9255580310614
RWA,2009,16.9206894426355
RWA,2008,16.9170867063804
RWA,2007,16.9140836058266
RWA,2006,16.9110139245047
RWA,2005,16.9072114459454
RWA,2004,16.9020099536792
RWA,2003,16.8947432312369
RWA,2002,16.8778847116752
RWA,2001,16.5487399668155
RWA,2000,15.7804474645996
KNA,2020,31.4716289738952
KNA,2019,31.4121818392285
KNA,2018,31.3607229995076
KNA,2017,31.3169642505921
KNA,2016,31.2806171906169
KNA,2015,31.2513929695583
KNA,2014,31.2290015317909
KNA,2013,31.2131485582887
KNA,2012,31.2035138804223
KNA,2011,31.2000648379646
KNA,2010,31.3056125693165
KNA,2009,31.4311032932653
KNA,2008,31.5615339709202
KNA,2007,31.6967077874804
KNA,2006,31.8364279281447
KNA,2005,31.9804975781124
KNA,2004,32.1287199225823
KNA,2003,32.2808981467536
KNA,2002,32.4368354358251
KNA,2001,32.5960599951138
KNA,2000,32.764294564989
LCA,2020,25.7524386560998
LCA,2019,24.2476974658382
LCA,2018,22.9261241055144
LCA,2017,21.783720356472
LCA,2016,20.8164880000551
LCA,2015,20.0204288176073
LCA,2014,19.3915445904726
LCA,2013,18.9258370999948
LCA,2012,18.6193081275177
LCA,2011,18.4743479557314
LCA,2010,18.5125070971313
LCA,2009,18.9805947108213
LCA,2008,19.8192937163625
LCA,2007,20.9268897953144
LCA,2006,22.2016686292365
LCA,2005,23.5419158996884
LCA,2004,24.8459172882296
LCA,2003,26.0119584764195
LCA,2002,26.9383251458178
LCA,2001,27.5160334778671
LCA,2000,27.8532282391838
VCT,2020,47.3255171858432
VCT,2019,47.1962073993512
VCT,2018,47.0674689446123
VCT,2017,46.9392900518098
VCT,2016,46.8116589511271
VCT,2015,46.6845638727475
VCT,2014,46.5579930468544
VCT,2013,46.4319347036311
VCT,2012,46.3063114823836
VCT,2011,46.18402928344
VCT,2010,46.0626395961215
VCT,2009,45.9420760438477
VCT,2008,45.8223405756329
VCT,2007,45.7034351404912
VCT,2006,45.5853616874371
VCT,2005,45.4681221654846
VCT,2004,45.3517185236482
VCT,2003,45.236152710942
VCT,2002,45.1214266763803
VCT,2001,45.0076571524878
VCT,2000,44.8903114926141
WSM,2020,18.0516608994722
WSM,2019,18.4147344481283
WSM,2018,18.7241267935467
WSM,2017,18.9657191879831
WSM,2016,19.126462366749
WSM,2015,19.2340105383551
WSM,2014,19.3126679480432
WSM,2013,19.3865949620667
WSM,2012,19.478718368689
WSM,2011,19.6174273708146
WSM,2010,19.8302101862085
WSM,2009,20.1045321482817
WSM,2008,20.4038457706991
WSM,2007,20.6944481303605
WSM,2006,20.9567957063672
WSM,2005,21.2352904191687
WSM,2004,21.5282844040566
WSM,2003,21.7806875309864
WSM,2002,21.9431903680112
WSM,2001,21.9749895503804
WSM,2000,21.9529698020724
STP,2020,68.0436706542969
STP,2019,67.9129943847656
STP,2018,67.7828826904297
STP,2017,67.6520004272461
STP,2016,67.5218887329102
STP,2015,67.3915710449219
STP,2014,67.2606735229492
STP,2013,67.1306686401367
STP,2012,67.0335889448132
STP,2011,66.7275977610702
STP,2010,66.0572200728291
STP,2009,65.0832313370367
STP,2008,63.8690133423199
STP,2007,62.4779478773056
STP,2006,60.9734167306206
STP,2005,59.4188016908917
STP,2004,57.8774845467458
STP,2003,56.4128470868097
STP,2002,55.0882710997103
STP,2001,53.9612039920776
STP,2000,52.9663437052108
SAU,2020,83.8064352851942
SAU,2019,83.6394643268678
SAU,2018,83.4708425884849
SAU,2017,83.300690534822
SAU,2016,83.129128630626
SAU,2015,82.9562773406163
SAU,2014,82.7822571294871
SAU,2013,82.6071884619102
SAU,2012,82.4311918025358
SAU,2011,82.2543876159947
SAU,2010,82.0791668544465
SAU,2009,81.8644480116889
SAU,2008,81.6441431042994
SAU,2007,81.4230015549063
SAU,2006,81.2008588083072
SAU,2005,80.9775503092999
SAU,2004,80.7542316538166
SAU,2003,80.5414456330177
SAU,2002,80.3438134074234
SAU,2001,80.155242811133
SAU,2000,79.9704860819453
SEN,2020,51.0562950093282
SEN,2019,49.9443321273477
SEN,2018,48.9001692274485
SEN,2017,47.9338349639053
SEN,2016,47.0553579909929
SEN,2015,46.2747669629858
SEN,2014,45.6020905341588
SEN,2013,45.0398750539456
SEN,2012,44.5359772452989
SEN,2011,44.0689668509475
SEN,2010,43.6371785059692
SEN,2009,43.23773199459
SEN,2008,42.867747101036
SEN,2007,42.524343609533
SEN,2006,42.2046413043069
SEN,2005,41.9057599695838
SEN,2004,41.6248193895895
SEN,2003,41.35893934855
SEN,2002,41.1081471561292
SEN,2001,40.8763420163126
SEN,2000,40.6667555531967
SRB,2020,61.223201751709
SRB,2019,61.0492248535156
SRB,2018,60.8433609008789
SRB,2017,60.621208190918
SRB,2016,60.3853870034026
SRB,2015,60.1388092041016
SRB,2014,59.8779373168945
SRB,2013,59.6111068725586
SRB,2012,59.3468437194824
SRB,2011,59.4349187787267
SRB,2010,59.3505550689338
SRB,2009,59.1643483956067
SRB,2008,58.8944613226962
SRB,2007,58.5577111784378
SRB,2006,58.1709152910668
SRB,2005,57.7508909888183
SRB,2004,57.3144555999278
SRB,2003,56.8784264526306
SRB,2002,56.462901503343
SRB,2001,56.0482321112049
SRB,2000,55.5923115701625
SYC,2020,44.2936147152263
SYC,2019,44.0049304031754
SYC,2018,43.7386669014459
SYC,2017,43.4968644410824
SYC,2016,43.2815632531296
SYC,2015,43.094803568632
SYC,2014,42.9386256186342
SYC,2013,42.815069634181
SYC,2012,42.7261758463169
SYC,2011,42.6739844860866
SYC,2010,42.660307244583
SYC,2009,42.6708881192085
SYC,2008,42.696637125589
SYC,2007,42.7361330057413
SYC,2006,42.7880431397027
SYC,2005,42.8510349075107
SYC,2004,42.9237756892027
SYC,2003,43.0049328648162
SYC,2002,43.0948464521927
SYC,2001,43.2172985855685
SYC,2000,43.3974230710038
SLE,2020,43.2129659123546
SLE,2019,42.7018444914441
SLE,2018,42.2011025267803
SLE,2017,41.7106682105058
SLE,2016,41.229411538771
SLE,2015,40.7669565187099
SLE,2014,40.3272406886245
SLE,2013,39.8916422780075
SLE,2012,39.4644094876975
SLE,2011,39.0472153491602
SLE,2010,38.6417328938613
SLE,2009,38.2496351532666
SLE,2008,37.8725951588418
SLE,2007,37.5122859420526
SLE,2006,37.1703805343647
SLE,2005,36.8485519672439
SLE,2004,36.5491283814755
SLE,2003,36.2690511597053
SLE,2002,36.0082791496616
SLE,2001,35.763651295501
SLE,2000,35.5327867241975
SGP,2020,100
SGP,2019,100
SGP,2018,100
SGP,2017,100
SGP,2016,100
SGP,2015,100
SGP,2014,100
SGP,2013,100
SGP,2012,100
SGP,2011,100
SGP,2010,100
SGP,2009,100
SGP,2008,100
SGP,2007,100
SGP,2006,100
SGP,2005,100
SGP,2004,100
SGP,2003,100
SGP,2002,100
SGP,2001,100
SGP,2000,100
SVK,2020,53.2481998906526
SVK,2019,53.3666558664583
SVK,2018,53.4881496935559
SVK,2017,53.6126018237016
SVK,2016,53.7399327086517
SVK,2015,53.8700628001622
SVK,2014,54.0029125499893
SVK,2013,54.1384024098892
SVK,2012,54.2764528316182
SVK,2011,54.4167387988534
SVK,2010,54.5650740704331
SVK,2009,54.7260356993483
SVK,2008,54.895930446636
SVK,2007,55.0707354484001
SVK,2006,55.2464278407442
SVK,2005,55.4189847597721
SVK,2004,55.5843833415875
SVK,2003,55.7386007222942
SVK,2002,55.8776140379959
SVK,2001,55.9968426739371
SVK,2000,56.1058893284907
SVN,2020,55.384391784668
SVN,2019,55.4523277282715
SVN,2018,55.1913430955675
SVN,2017,55.2451133728027
SVN,2016,53.647274017334
SVN,2015,53.6612160294144
SVN,2014,50.983470916748
SVN,2013,50.0466580754027
SVN,2012,49.7619476318359
SVN,2011,49.9463818748723
SVN,2010,50.1194862794826
SVN,2009,50.2439782050416
SVN,2008,50.3620036820409
SVN,2007,50.4707127083144
SVN,2006,50.5672552816963
SVN,2005,50.648781400021
SVN,2004,50.7124410611224
SVN,2003,50.7553842628349
SVN,2002,50.7744556266555
SVN,2001,50.7597503536323
SVN,2000,50.6975029797519
SLB,2020,28.0327555150022
SLB,2019,27.275106750276
SLB,2018,26.2946826684302
SLB,2017,25.3830535769599
SLB,2016,24.5047424399707
SLB,2015,23.6630502067213
SLB,2014,22.8612778264703
SLB,2013,22.1027262484765
SLB,2012,21.3906964219987
SLB,2011,20.7284892962955
SLB,2010,20.1194058206257
SLB,2009,19.5633740998673
SLB,2008,19.0370010521463
SLB,2007,18.5333445288467
SLB,2006,18.0540134013038
SLB,2005,17.6001415877737
SLB,2004,17.172863006512
SLB,2003,16.7733115757749
SLB,2002,16.4026212138182
SLB,2001,16.0619258388978
SLB,2000,15.7523593692696
SOM,2020,52.286318011754
SOM,2019,51.6421170703225
SOM,2018,50.9506215336872
SOM,2017,48.3639630032265
SOM,2016,45.942842729174
SOM,2015,43.8618107408479
SOM,2014,42.3515167236328
SOM,2013,41.2593474250273
SOM,2012,40.2722730087349
SOM,2011,39.380318284448
SOM,2010,38.5735080618592
SOM,2009,37.8418671506609
SOM,2008,37.1754203605454
SOM,2007,36.5641925012053
SOM,2006,35.9982083823331
SOM,2005,35.4674928136211
SOM,2004,34.9620706047618
SOM,2003,34.4719665654476
SOM,2002,33.9872055053711
SOM,2001,33.5128183866634
SOM,2000,33.0596136927225
ZAF,2020,63.4373088310982
ZAF,2019,63.4127255007908
ZAF,2018,63.3771545246841
ZAF,2017,63.3311078299936
ZAF,2016,63.2750973439347
ZAF,2015,63.2096349937231
ZAF,2014,63.1352327065742
ZAF,2013,63.0524024097034
ZAF,2012,62.9616560303263
ZAF,2011,62.850627754452
ZAF,2010,62.6299120560569
ZAF,2009,62.2592839131287
ZAF,2008,61.7692983894896
ZAF,2007,61.1840533154988
ZAF,2006,60.5276465215157
ZAF,2005,59.8241758378997
ZAF,2004,59.0977390950102
ZAF,2003,58.3724341232066
ZAF,2002,57.6723587528482
ZAF,2001,57.0014339378269
ZAF,2000,56.2589954883628
SSD,2020,20.1914565476286
SSD,2019,19.9062299188719
SSD,2018,19.6254143932663
SSD,2017,19.3489927232944
SSD,2016,19.0769476614377
SSD,2015,18.8092619601773
SSD,2014,18.5459183719929
SSD,2013,18.2868996493633
SSD,2012,18.0321885447664
SSD,2011,17.7817678106789
SSD,2010,17.535620199576
SSD,2009,17.2937284639317
SSD,2008,17.0301141193955
SSD,2007,16.9986889512954
SSD,2006,16.9509881842643
SSD,2005,16.8695760318857
SSD,2004,16.7569099090725
SSD,2003,16.6154472307377
SSD,2002,16.447645411794
SSD,2001,16.2559618671544
SSD,2000,16.0428540117317
ESP,2020,79.6955674617799
ESP,2019,79.6349761108307
ESP,2018,79.5580057813361
ESP,2017,79.4663233085683
ESP,2016,79.3615955277997
ESP,2015,79.2454892743023
ESP,2014,79.1196713833488
ESP,2013,78.9858086902112
ESP,2012,78.8455680301618
ESP,2011,78.695397956495
ESP,2010,78.5138156234888
ESP,2009,78.2919921861701
ESP,2008,78.0421438998777
ESP,2007,77.7738937890987
ESP,2006,77.4968648783202
ESP,2005,77.2206801920294
ESP,2004,76.9549627547133
ESP,2003,76.709335590859
ESP,2002,76.4934217249538
ESP,2001,76.3156889510385
ESP,2000,76.1650552349602
LKA,2020,19.6621898312161
LKA,2019,19.4946326418437
LKA,2018,19.3241083384127
LKA,2017,19.1507693078088
LKA,2016,18.9747679368162
LKA,2015,18.796256612131
LKA,2014,18.6153877203724
LKA,2013,18.4323136480916
LKA,2012,18.2617686748284
LKA,2011,17.7881192817964
LKA,2010,17.2486209380693
LKA,2009,16.7428136405592
LKA,2008,16.2762363395441
LKA,2007,15.8544279853018
LKA,2006,15.4829275281105
LKA,2005,15.167273918248
LKA,2004,14.9130061059922
LKA,2003,14.7256630416211
LKA,2002,14.6107836754127
LKA,2001,14.5739539539707
LKA,2000,14.6196895000898
SDN,2020,34.5594433789246
SDN,2019,34.4727685824236
SDN,2018,34.382054222005
SDN,2017,34.2872225663509
SDN,2016,34.1881958841213
SDN,2015,34.0914394628597
SDN,2014,33.7624582408117
SDN,2013,33.4264777958103
SDN,2012,33.1425561614901
SDN,2011,32.9059760141986
SDN,2010,32.7174026591513
SDN,2009,32.5774622972843
SDN,2008,32.4816230749746
SDN,2007,32.4759528252296
SDN,2006,32.4702930558327
SDN,2005,32.4603150404146
SDN,2004,32.4459598296403
SDN,2003,32.4271684741748
SDN,2002,32.4038820246832
SDN,2001,32.3760415318304
SDN,2000,32.3435880462815
SUR,2020,66.00830078125
SUR,2019,66.0370492311305
SUR,2018,66.0693060442846
SUR,2017,66.1046467051207
SUR,2016,66.1426466980469
SUR,2015,66.1828815074718
SUR,2014,66.2249266178037
SUR,2013,66.2683575134509
SUR,2012,66.3132562693376
SUR,2011,66.3675227342307
SUR,2010,66.4338443691967
SUR,2009,66.5058869102882
SUR,2008,66.5776961831642
SUR,2007,66.6433180134835
SUR,2006,66.6967982269052
SUR,2005,66.7321826490881
SUR,2004,66.743604713168
SUR,2003,66.7404073281911
SUR,2002,66.7320549534773
SUR,2001,66.718959290312
SUR,2000,66.7015222141811
SWE,2020,87.9424046895699
SWE,2019,87.7088420242759
SWE,2018,87.4737430925296
SWE,2017,87.237373786911
SWE,2016,87.0
SWE,2015,86.6158654081858
SWE,2014,86.2563838747314
SWE,2013,85.9249771259894
SWE,2012,85.6250668883122
SWE,2011,85.3600748880524
SWE,2010,85.1334228515625
SWE,2009,84.9341031919813
SWE,2008,84.7517366727063
SWE,2007,84.5906875454778
SWE,2006,84.4553200620359
SWE,2005,84.3499984741211
SWE,2004,84.2670710494849
SWE,2003,84.1954289653543
SWE,2002,84.1342508376823
SWE,2001,84.0827152824223
SWE,2000,84.0400009155273
CHE,2020,82.3416838515457
CHE,2019,80.7792907322229
CHE,2018,79.2922201625844
CHE,2017,77.9126273688843
CHE,2016,76.6726675773771
CHE,2015,75.6044960143169
CHE,2014,74.7402679059582
CHE,2013,74.1121384785551
CHE,2012,73.7522629583622
CHE,2011,73.65058748615
CHE,2010,73.6086716419323
CHE,2009,73.5741230920283
CHE,2008,73.5482927401305
CHE,2007,73.5283795081459
CHE,2006,73.5115823179813
CHE,2005,73.4951000915434
CHE,2004,73.4761317507392
CHE,2003,73.4518762174754
CHE,2002,73.4195324136588
CHE,2001,73.3762992611964
CHE,2000,73.302430524727
TJK,2020,26.1925442328719
TJK,2019,26.1300735473633
TJK,2018,26.2338752746582
TJK,2017,26.2731513977051
TJK,2016,26.3718509674072
TJK,2015,26.478832244873
TJK,2014,26.5633735656738
TJK,2013,26.4883155822754
TJK,2012,26.4102249145508
TJK,2011,26.4792213439941
TJK,2010,26.5274312963978
TJK,2009,26.529186594207
TJK,2008,26.5306015116451
TJK,2007,26.5315339938424
TJK,2006,26.5321180842215
TJK,2005,26.5324878262051
TJK,2004,26.5327772632159
TJK,2003,26.5331204386766
TJK,2002,26.5336513960096
TJK,2001,26.5345041786379
TJK,2000,26.5355104669232
THA,2020,57.2358779907227
THA,2019,55.9266166687012
THA,2018,54.5843734741211
THA,2017,49.2311973571777
THA,2016,47.8801095551247
THA,2015,46.9521043776171
THA,2014,46.3138799467897
THA,2013,45.8321343847773
THA,2012,45.373565813715
THA,2011,44.8048723557374
THA,2010,44.0018736622496
THA,2009,42.9991311200422
THA,2008,41.8954507430475
THA,2007,40.7036878697821
THA,2006,39.4424037014582
THA,2005,38.1301594392881
THA,2004,36.785516284484
THA,2003,35.4270354382579
THA,2002,34.0732781018222
THA,2001,32.7428054763889
THA,2000,31.4626212652205
TGO,2020,41.8781527268075
TGO,2019,41.445731197295
TGO,2018,41.013328267781
TGO,2017,40.5809463430719
TGO,2016,40.1485878279739
TGO,2015,39.7162551272934
TGO,2014,39.2839506458368
TGO,2013,38.8516767884103
TGO,2012,38.4194359598204
TGO,2011,37.9872305648732
TGO,2010,37.5545882975638
TGO,2009,37.1195037247939
TGO,2008,36.6808327233827
TGO,2007,36.2392154091353
TGO,2006,35.795057579151
TGO,2005,35.3487650305291
TGO,2004,34.9007435603688
TGO,2003,34.4513989657696
TGO,2002,34.0011370438307
TGO,2001,33.5503635916513
TGO,2000,33.0994844063309
TON,2020,21.8766206823411
TON,2019,22.3288155626206
TON,2018,22.7017138925547
TON,2017,22.9711300654966
TON,2016,23.1277038505921
TON,2015,23.2434422818439
TON,2014,23.3431040935971
TON,2013,23.4170795020344
TON,2012,23.4589062635692
TON,2011,23.46075468367
TON,2010,23.4243619099178
TON,2009,23.3612068183251
TON,2008,23.2889000757567
TON,2007,23.2239976577967
TON,2006,23.1801421282521
TON,2005,23.1473956500293
TON,2004,23.1191794451059
TON,2003,23.0943621775072
TON,2002,23.071428585567
TON,2001,23.0488634076195
TON,2000,23.0251513819988
TTO,2020,53.9377689584806
TTO,2019,53.9342394732739
TTO,2018,53.9314518934907
TTO,2017,53.9293186833833
TTO,2016,53.9277523084951
TTO,2015,53.926665238022
TTO,2014,53.9259699537793
TTO,2013,53.9255789963372
TTO,2012,53.9254053431618
TTO,2011,53.9253615474727
TTO,2010,54.0899565963587
TTO,2009,54.3920297229449
TTO,2008,54.6761864235364
TTO,2007,54.9393004563973
TTO,2006,55.1782455797922
TTO,2005,55.3898955519853
TTO,2004,55.5711241312409
TTO,2003,55.7188050758235
TTO,2002,55.8298121439974
TTO,2001,55.9010190940268
TTO,2000,55.9291468285602
TUN,2020,69.1043166438476
TUN,2019,68.8206382576031
TUN,2018,68.5485240272509
TUN,2017,68.2877807617188
TUN,2016,68.0623356528248
TUN,2015,67.8807907104492
TUN,2014,67.7524643379101
TUN,2013,67.4999542236328
TUN,2012,67.2098922729492
TUN,2011,66.9191886197857
TUN,2010,66.6280059814453
TUN,2009,66.3362197875977
TUN,2008,66.0676053984361
TUN,2007,65.8000030517578
TUN,2006,65.5209809651521
TUN,2005,65.2340901739004
TUN,2004,64.9272741461338
TUN,2003,64.6055972687544
TUN,2002,64.2822554892505
TUN,2001,63.9541757453358
TUN,2000,63.6166653822584
TUR,2020,88.9303114965222
TUR,2019,88.6618152857124
TUR,2018,88.1655749576173
TUR,2017,88.0320472717286
TUR,2016,88.1020958581776
TUR,2015,87.2167107972537
TUR,2014,83.6024850744433
TUR,2013,78.5218368384696
TUR,2012,73.7788680234324
TUR,2011,71.0028723528334
TUR,2010,69.3471253941487
TUR,2009,67.8401432171223
TUR,2008,66.513650890377
TUR,2007,65.3389618154687
TUR,2006,64.2873893939536
TUR,2005,63.3302470273874
TUR,2004,62.4388481173262
TUR,2003,61.5845060653258
TUR,2002,60.7385342729423
TUR,2001,59.8722461417316
TUR,2000,58.9706120006403
TKM,2020,47.0546961907259
TKM,2019,47.0494562466485
TKM,2018,47.0423948717765
TKM,2017,47.0334857399476
TKM,2016,47.0227025249994
TKM,2015,47.0100189007695
TKM,2014,46.9954085410955
TKM,2013,46.9788451198152
TKM,2012,46.9603023107661
TKM,2011,46.9397537877858
TKM,2010,46.9171732247121
TKM,2009,46.8925342953825
TKM,2008,46.8658106736347
TKM,2007,46.8369760333063
TKM,2006,46.8060040482349
TKM,2005,46.7728683922582
TKM,2004,46.7375427392139
TKM,2003,46.7000007629395
TKM,2002,46.5924846062154
TKM,2001,46.3715562022892
TKM,2000,46.0736689106993
TUV,2020,61.9212610534937
TUV,2019,61.2406529218636
TUV,2018,60.5596409590777
TUV,2017,59.9531274910912
TUV,2016,59.4744768348285
TUV,2015,58.9148502652344
TUV,2014,58.2999596618832
TUV,2013,57.6314336806359
TUV,2012,56.8964903305448
TUV,2011,56.0428770356731
TUV,2010,55.0541326559964
TUV,2009,53.9728070033742
TUV,2008,52.8338644492855
TUV,2007,51.6722693652096
TUV,2006,50.5229861226256
TUV,2005,49.4209790930126
TUV,2004,48.4012126478499
TUV,2003,47.4986511586165
TUV,2002,46.7435481854875
TUV,2001,46.0920220655498
TUV,2000,45.5119494377121
UGA,2020,28.5399752271502
UGA,2019,27.8369781799403
UGA,2018,27.1280475018884
UGA,2017,26.4139260579546
UGA,2016,25.6953567134098
UGA,2015,24.9777856560427
UGA,2014,24.1938503391826
UGA,2013,22.7367659239271
UGA,2012,21.372369321253
UGA,2011,20.0561028736631
UGA,2010,18.7990645544572
UGA,2009,17.6123523369348
UGA,2008,16.5070641943955
UGA,2007,15.494298100139
UGA,2006,14.5851520274647
UGA,2005,13.7907239496723
UGA,2004,13.1221118400615
UGA,2003,12.5904136719317
UGA,2002,12.202793574555
UGA,2001,11.9013889740088
UGA,2000,11.6414758125187
UKR,2020,69.3839100516745
UKR,2019,69.3527648708735
UKR,2018,69.3157992777909
UKR,2017,69.2633108489282
UKR,2016,69.2102241609089
UKR,2015,69.1587317201337
UKR,2014,69.0554339301313
UKR,2013,68.9326288082226
UKR,2012,68.8241983107739
UKR,2011,68.7234299826222
UKR,2010,68.637397133357
UKR,2009,68.5251442249547
UKR,2008,68.3752085755346
UKR,2007,68.2102322372037
UKR,2006,68.0293347798948
UKR,2005,67.8136046317755
UKR,2004,67.5970968423685
UKR,2003,67.419679868405
UKR,2002,67.2672733350904
UKR,2001,67.2749805493459
UKR,2000,67.403857296906
ARE,2020,85.1955255681984
ARE,2019,85.0298263388195
ARE,2018,84.8601805824625
ARE,2017,84.686675718659
ARE,2016,84.5093991669984
ARE,2015,84.3284383471193
ARE,2014,84.1438806787019
ARE,2013,83.9558135814626
ARE,2012,83.7643244751488
ARE,2011,83.5695007795347
ARE,2010,83.3714299144178
ARE,2009,83.1701992996163
ARE,2008,82.9658963549658
ARE,2007,82.758608500318
ARE,2006,82.5588968646829
ARE,2005,82.2122832763517
ARE,2004,81.4729199268812
ARE,2003,80.8489432668434
ARE,2002,80.2705602850306
ARE,2001,79.7469002624215
ARE,2000,79.287092479995
GBR,2020,82.9000015258789
GBR,2019,82.6699420738913
GBR,2018,82.4465657551295
GBR,2017,82.23065673273
GBR,2016,82.0229991698295
GBR,2015,81.8243772295647
GBR,2014,81.6355750750722
GBR,2013,81.4573768694887
GBR,2012,81.2905667759508
GBR,2011,81.1359685592627
GBR,2010,80.995165116277
GBR,2009,80.8692180088478
GBR,2008,80.7547673906116
GBR,2007,80.6483331957387
GBR,2006,80.5464353583991
GBR,2005,80.4455938127627
GBR,2004,80.3423284929998
GBR,2003,80.2331593332802
GBR,2002,80.1146062677742
GBR,2001,79.9838301298823
GBR,2000,79.8241408315172
USA,2020,79.997451762548
USA,2019,80.1304793353594
USA,2018,80.2804567987377
USA,2017,80.4018678392891
USA,2016,80.4976645324131
USA,2015,80.5707989535091
USA,2014,80.6242231779766
USA,2013,80.660889281215
USA,2012,80.6837493386238
USA,2011,80.6957554256024
USA,2010,80.6997744673366
USA,2009,80.6850378350499
USA,2008,80.6219682896606
USA,2007,80.5153172872016
USA,2006,80.3713066436159
USA,2005,80.1961581748464
USA,2004,79.9960936968363
USA,2003,79.7773350255284
USA,2002,79.5461039768657
USA,2001,79.3086223667912
USA,2000,79.0740897861327
URY,2020,95.3997650146484
URY,2019,95.3479309082031
URY,2018,95.2942581176758
URY,2017,95.2288235732042
URY,2016,95.1585424955685
URY,2015,95.0800002298303
URY,2014,94.9897821210514
URY,2013,94.8844735142936
URY,2012,94.7606597546186
URY,2011,94.6036824756941
URY,2010,94.3333219475319
URY,2009,93.9337324320314
URY,2008,93.45975578621
URY,2007,92.9603688038713
URY,2006,92.4845482788191
URY,2005,92.0812710048572
URY,2004,91.8009434091917
URY,2003,91.6260094228609
URY,2002,91.4886084712534
URY,2001,91.3759250620534
URY,2000,91.2769768173566
UZB,2020,50.7670402526855
UZB,2019,50.5920104980469
UZB,2018,50.5814971923828
UZB,2017,50.6787376403809
UZB,2016,50.6572189331055
UZB,2015,50.6597328186035
UZB,2014,50.8868713378906
UZB,2013,51.1276969909668
UZB,2012,51.3359680175781
UZB,2011,51.3395500183105
UZB,2010,51.3321647644043
UZB,2009,51.6105041503906
UZB,2008,51.7943572998047
UZB,2007,51.7087010288873
UZB,2006,51.4638817209862
UZB,2005,51.0781236333777
UZB,2004,50.5696510233382
UZB,2003,49.9566881481443
UZB,2002,49.2574592650723
UZB,2001,48.4901886313987
UZB,2000,47.6731005044
VUT,2020,22.4186852094794
VUT,2019,23.5024668917075
VUT,2018,24.2729727045038
VUT,2017,24.7644441456437
VUT,2016,24.8654875642873
VUT,2015,24.8626945764242
VUT,2014,24.8549637694775
VUT,2013,24.8407362750263
VUT,2012,24.8183551383933
VUT,2011,24.7861634049013
VUT,2010,24.742504119873
VUT,2009,24.2861753285463
VUT,2008,23.9280261965467
VUT,2007,23.5955155378332
VUT,2006,23.2888338847199
VUT,2005,23.0020186653551
VUT,2004,22.7291073078871
VUT,2003,22.4641372404641
VUT,2002,22.2011458912344
VUT,2001,21.9341706883464
VUT,2000,21.6572490599483
YEM,2020,35.7025604580302
YEM,2019,34.9067561732024
YEM,2018,34.2106045810864
YEM,2017,33.5586912522175
YEM,2016,32.9512008005236
YEM,2015,32.3883178702702
YEM,2014,31.8626162180918
YEM,2013,31.4427187944215
YEM,2012,31.2031839858628
YEM,2011,30.9237389467026
YEM,2010,30.6232848305331
YEM,2009,30.3031502248211
YEM,2008,29.9646637170333
YEM,2007,29.6091538946366
YEM,2006,29.2379493450977
YEM,2005,28.8523786558834
YEM,2004,28.4506523754813
YEM,2003,28.0277061455611
YEM,2002,27.5777619268614
YEM,2001,27.1033603053549
YEM,2000,26.6054859383233
ZMB,2020,43.8644489410157
ZMB,2019,43.4897864547552
ZMB,2018,43.1114735233156
ZMB,2017,42.7295979877011
ZMB,2016,42.3442476889162
ZMB,2015,41.9555104679652
ZMB,2014,41.5634741658525
ZMB,2013,41.1682266235825
ZMB,2012,40.7698556821596
ZMB,2011,40.3684491825881
ZMB,2010,39.9558857709992
ZMB,2009,39.4908312026796
ZMB,2008,38.9629632271162
ZMB,2007,38.4034874343601
ZMB,2006,37.8392213204204
ZMB,2005,37.2969823813059
ZMB,2004,36.8035881130253
ZMB,2003,36.3858560115875
ZMB,2002,36.0706035730014
ZMB,2001,35.8846482932758
ZMB,2000,35.8735460960387
ZWE,2020,37.0097671560802
ZWE,2019,36.1837638266364
ZWE,2018,35.4085538807905
ZWE,2017,34.7014953017273
ZWE,2016,34.0799460726314
ZWE,2015,33.5612641766874
ZWE,2014,33.1628075970801
ZWE,2013,32.9019343169941
ZWE,2012,32.7931752128328
ZWE,2011,32.7567295776968
ZWE,2010,32.7284525810054
ZWE,2009,32.7074288573175
ZWE,2008,32.6912786206175
ZWE,2007,32.67762208489
ZWE,2006,32.6640794641194
ZWE,2005,32.6482709722903
ZWE,2004,32.6278168233873
ZWE,2003,32.6003372313948
ZWE,2002,32.5631884166934
ZWE,2001,32.4999278382836
ZWE,2000,32.3991568853313
CAF,2020,42.3050785933463
CAF,2019,41.7800430407332
CAF,2018,41.2824666248606
CAF,2017,40.8151443386334
CAF,2016,40.3808711749566
CAF,2015,39.9824421267351
CAF,2014,39.6226521868738
CAF,2013,39.3042963482777
CAF,2012,39.0301696038517
CAF,2011,38.8030669465007
CAF,2010,38.6244963104203
CAF,2009,38.476675697093
CAF,2008,38.3474489192338
CAF,2007,38.2343339436079
CAF,2006,38.134433681123
CAF,2005,38.0448510426866
CAF,2004,37.9626889392062
CAF,2003,37.8863171931924
CAF,2002,37.8169752995511
CAF,2001,37.7560236207831
CAF,2000,37.7014879765364
